"base_asset_id","base_exchange_symbol","quote_exchange_symbols","candidate_count","candidate_ids","active_candidate_ids","kraken_pair_bridge_candidate_ids","kraken_pair_bridge_counts","cfa_independent_review_decision","approved_candidate_id"
"1INCH","1INCH","EUR|USD","1","1inch","","1inch","1inch:2","APPROVE_CURRENT_KRAKEN_PAIR_BRIDGE","1inch"
"AAVE","AAVE","ETH|EUR|GBP|USD|XBT","1","aave","","aave","aave:3","APPROVE_CURRENT_KRAKEN_PAIR_BRIDGE","aave"
"ACA","ACA","EUR|USD","1","acala","","acala","acala:2","APPROVE_CURRENT_KRAKEN_PAIR_BRIDGE","acala"
"ACH","ACH","EUR|USD","1","alchemy-pay","","alchemy-pay","alchemy-pay:2","APPROVE_CURRENT_KRAKEN_PAIR_BRIDGE","alchemy-pay"
"ACT","ACT","EUR|USD","3","acet-token|achain|act-i-the-ai-prophecy","","act-i-the-ai-prophecy","acet-token:0|achain:0|act-i-the-ai-prophecy:2","APPROVE_CURRENT_KRAKEN_PAIR_BRIDGE","act-i-the-ai-prophecy"
"ACX","ACX","EUR|USD","1","across-protocol","","","across-protocol:0","UNVERIFIED_NO_CURRENT_KRAKEN_PAIR_BRIDGE",""
"ADA","ADA","AUD|ETH|EUR|GBP|USD|USDC|USDT|XBT","3","ada-the-dog|binance-peg-cardano|cardano","","cardano","ada-the-dog:0|binance-peg-cardano:0|cardano:6","APPROVE_CURRENT_KRAKEN_PAIR_BRIDGE","cardano"
"ADX","ADX","EUR|USD","2","adex|adrena","","adex","adex:2|adrena:0","APPROVE_CURRENT_KRAKEN_PAIR_BRIDGE","adex"
"AERO","AERO","EUR|USD","1","aerodrome-finance","","aerodrome-finance","aerodrome-finance:2","APPROVE_CURRENT_KRAKEN_PAIR_BRIDGE","aerodrome-finance"
"AEVO","AEVO","EUR|USD","1","aevo-exchange","","aevo-exchange","aevo-exchange:2","APPROVE_CURRENT_KRAKEN_PAIR_BRIDGE","aevo-exchange"
"AGLD","AGLD","EUR|USD","1","adventure-gold","","","adventure-gold:0","UNVERIFIED_NO_CURRENT_KRAKEN_PAIR_BRIDGE",""
"AI16Z","AI16Z","EUR|USD|USDC|USDT","1","ai16z","","","ai16z:0","UNVERIFIED_NO_CURRENT_KRAKEN_PAIR_BRIDGE",""
"AIR","AIR","EUR|USD","2","airian|spacebar","","","airian:0|spacebar:0","UNVERIFIED_NO_CURRENT_KRAKEN_PAIR_BRIDGE",""
"AIXBT","AIXBT","EUR|USD","1","aixbt","","aixbt","aixbt:2","APPROVE_CURRENT_KRAKEN_PAIR_BRIDGE","aixbt"
"AKT","AKT","EUR|USD","2","akash-network|akita-inu-2","","akash-network","akash-network:2|akita-inu-2:0","APPROVE_CURRENT_KRAKEN_PAIR_BRIDGE","akash-network"
"ALCH","ALCH","EUR|USD","1","alchemist-ai","","","alchemist-ai:0","UNVERIFIED_NO_CURRENT_KRAKEN_PAIR_BRIDGE",""
"ALCX","ALCX","EUR|USD","1","alchemix","","alchemix","alchemix:1","APPROVE_CURRENT_KRAKEN_PAIR_BRIDGE","alchemix"
"ALGO","ALGO","ETH|EUR|GBP|USD|USDC|USDT|XBT","2","algorand|dear-algorithm","","algorand","algorand:6|dear-algorithm:0","APPROVE_CURRENT_KRAKEN_PAIR_BRIDGE","algorand"
"ALICE","ALICE","EUR|USD","3","alice-2|alice-4|my-neighbor-alice","","my-neighbor-alice","alice-2:0|alice-4:0|my-neighbor-alice:1","APPROVE_CURRENT_KRAKEN_PAIR_BRIDGE","my-neighbor-alice"
"ALPHA","ALPHA","EUR|USD","7","alpha-3|alpha-4|alpha-6|alphaarc|alphablockai|alpha-fi|alpha-finance","","alpha-finance","alpha-3:0|alpha-4:0|alpha-6:0|alphaarc:0|alphablockai:0|alpha-fi:0|alpha-finance:2","APPROVE_CURRENT_KRAKEN_PAIR_BRIDGE","alpha-finance"
"ALT","ALT","EUR|USD","5","alitas|alt|altcoin-2|altdeer|altlayer","","altlayer","alitas:0|alt:0|altcoin-2:0|altdeer:0|altlayer:2","APPROVE_CURRENT_KRAKEN_PAIR_BRIDGE","altlayer"
"ANKR","ANKR","EUR|USD|XBT","1","ankr","","ankr","ankr:2","APPROVE_CURRENT_KRAKEN_PAIR_BRIDGE","ankr"
"ANLOG","ANLOG","EUR|USD","1","analog","","","analog:0","UNVERIFIED_NO_CURRENT_KRAKEN_PAIR_BRIDGE",""
"ANON","ANON","EUR|USD","6","anon-2|anon-ton|anonymous|anonymous-coin-2|heyanon|super-anon","","heyanon","anon-2:0|anon-ton:0|anonymous:0|anonymous-coin-2:0|heyanon:2|super-anon:0","APPROVE_CURRENT_KRAKEN_PAIR_BRIDGE","heyanon"
"APE","APE","EUR|USD|USDC|USDT","4","ape-3|apecoin|ape-lol|apetos","","apecoin","ape-3:0|apecoin:2|ape-lol:0|apetos:0","APPROVE_CURRENT_KRAKEN_PAIR_BRIDGE","apecoin"
"APENFT","APENFT","EUR|USD","0","","","","","UNVERIFIED_NO_CURRENT_KRAKEN_PAIR_BRIDGE",""
"API3","API3","EUR|USD","1","api3","","api3","api3:2","APPROVE_CURRENT_KRAKEN_PAIR_BRIDGE","api3"
"APT","APT","EUR|USD","1","aptos","","aptos","aptos:2","APPROVE_CURRENT_KRAKEN_PAIR_BRIDGE","aptos"
"APU","APU","EUR|USD","5","apu|apu-apustaja|apu-apustaja-sol|apu-s-club|based-apu","","apu-s-club","apu:0|apu-apustaja:0|apu-apustaja-sol:0|apu-s-club:2|based-apu:0","APPROVE_CURRENT_KRAKEN_PAIR_BRIDGE","apu-s-club"
"AR","AR","EUR|USD","1","arweave","","arweave","arweave:1","APPROVE_CURRENT_KRAKEN_PAIR_BRIDGE","arweave"
"ARB","ARB","EUR|USD","2","arbitrage-loop|arbitrum","","arbitrum","arbitrage-loop:0|arbitrum:2","APPROVE_CURRENT_KRAKEN_PAIR_BRIDGE","arbitrum"
"ARC","ARC","EUR|USD","6","ai-rig-complex|arc|arcadeum|archly-finance|reactor-3|redemption-arc","","","ai-rig-complex:0|arc:0|arcadeum:0|archly-finance:0|reactor-3:0|redemption-arc:0","UNVERIFIED_NO_CURRENT_KRAKEN_PAIR_BRIDGE",""
"ARKM","ARKM","EUR|USD","1","arkham","","arkham","arkham:2","APPROVE_CURRENT_KRAKEN_PAIR_BRIDGE","arkham"
"ARPA","ARPA","EUR|USD","1","arpa","","arpa","arpa:1","APPROVE_CURRENT_KRAKEN_PAIR_BRIDGE","arpa"
"ASRR","ASRR","EUR|USD","1","assisterr-ai","","","assisterr-ai:0","UNVERIFIED_NO_CURRENT_KRAKEN_PAIR_BRIDGE",""
"ASTR","ASTR","EUR|USD","2","astar|soneium-bridged-astar-soneium","","astar","astar:2|soneium-bridged-astar-soneium:0","APPROVE_CURRENT_KRAKEN_PAIR_BRIDGE","astar"
"ATH","ATH","EUR|USD","4","aethir|ath|athenadao-token|high-af","","aethir","aethir:2|ath:0|athenadao-token:0|high-af:0","APPROVE_CURRENT_KRAKEN_PAIR_BRIDGE","aethir"
"ATLAS","ATLAS","EUR|USD","3","atlas-2|maga-dog|star-atlas","","","atlas-2:0|maga-dog:0|star-atlas:0","UNVERIFIED_NO_CURRENT_KRAKEN_PAIR_BRIDGE",""
"ATOM","ATOM","ETH|EUR|GBP|USD|USDC|USDT|XBT","1","cosmos","","cosmos","cosmos:5","APPROVE_CURRENT_KRAKEN_PAIR_BRIDGE","cosmos"
"AUCTION","AUCTION","EUR|USD","2","auction|house-3","","auction","auction:1|house-3:0","APPROVE_CURRENT_KRAKEN_PAIR_BRIDGE","auction"
"AUDIO","AUDIO","EUR|USD","1","audius","","audius","audius:1","APPROVE_CURRENT_KRAKEN_PAIR_BRIDGE","audius"
"AVAAI","AVAAI","EUR|USD","0","","","","","UNVERIFIED_NO_CURRENT_KRAKEN_PAIR_BRIDGE",""
"AVAX","AVAX","EUR|USD|USDC|USDT","4","avalanche-2|avalanche-wormhole|beam-bridged-avax-beam|binance-peg-avalanche","","avalanche-2","avalanche-2:3|avalanche-wormhole:0|beam-bridged-avax-beam:0|binance-peg-avalanche:0","APPROVE_CURRENT_KRAKEN_PAIR_BRIDGE","avalanche-2"
"AXS","AXS","EUR|USD","1","axie-infinity","","axie-infinity","axie-infinity:2","APPROVE_CURRENT_KRAKEN_PAIR_BRIDGE","axie-infinity"
"B3","B3","EUR|USD","1","b3","","b3","b3:1","APPROVE_CURRENT_KRAKEN_PAIR_BRIDGE","b3"
"BABY","BABY","EUR|USD","9","a-fund-baby|baby|baby-2|babylon|baby-samo-coin|babyswap|dancing-baby|deer-seized-by-us-government|niche-baby","","babylon","a-fund-baby:0|baby:0|baby-2:0|babylon:2|baby-samo-coin:0|babyswap:0|dancing-baby:0|deer-seized-by-us-government:0|niche-baby:0","APPROVE_CURRENT_KRAKEN_PAIR_BRIDGE","babylon"
"BADGER","BADGER","EUR|USD","2","badger-badger-badger|badger-dao","","badger-dao","badger-badger-badger:0|badger-dao:1","APPROVE_CURRENT_KRAKEN_PAIR_BRIDGE","badger-dao"
"BAL","BAL","EUR|USD","1","balancer","","balancer","balancer:2","APPROVE_CURRENT_KRAKEN_PAIR_BRIDGE","balancer"
"BANANAS31","BANANAS31","EUR|USD","1","banana-for-scale-2","","banana-for-scale-2","banana-for-scale-2:2","APPROVE_CURRENT_KRAKEN_PAIR_BRIDGE","banana-for-scale-2"
"BAND","BAND","EUR|USD","1","band-protocol","","band-protocol","band-protocol:2","APPROVE_CURRENT_KRAKEN_PAIR_BRIDGE","band-protocol"
"BAT","BAT","EUR|USD","3","basic-attention-token|batic|bitbat-token","","basic-attention-token","basic-attention-token:2|batic:0|bitbat-token:0","APPROVE_CURRENT_KRAKEN_PAIR_BRIDGE","basic-attention-token"
"BCH","BCH","AUD|ETH|EUR|GBP|JPY|USD|USDC|USDT|XBT","2","binance-peg-bitcoin-cash|bitcoin-cash","","bitcoin-cash","binance-peg-bitcoin-cash:0|bitcoin-cash:6","APPROVE_CURRENT_KRAKEN_PAIR_BRIDGE","bitcoin-cash"
"BDXN","BDXN","EUR|USD","1","bondex","","","bondex:0","UNVERIFIED_NO_CURRENT_KRAKEN_PAIR_BRIDGE",""
"BEAM","BEAM","EUR|USD","2","beam|beam-2","","beam-2","beam:0|beam-2:2","APPROVE_CURRENT_KRAKEN_PAIR_BRIDGE","beam-2"
"BERA","BERA","EUR|USD|USDC|USDT","1","berachain-bera","","berachain-bera","berachain-bera:2","APPROVE_CURRENT_KRAKEN_PAIR_BRIDGE","berachain-bera"
"BICO","BICO","EUR|USD","1","biconomy","","biconomy","biconomy:1","APPROVE_CURRENT_KRAKEN_PAIR_BRIDGE","biconomy"
"BIGTIME","BIGTIME","EUR|USD","1","big-time","","big-time","big-time:1","APPROVE_CURRENT_KRAKEN_PAIR_BRIDGE","big-time"
"BIO","BIO","EUR|USD","2","bio-protocol|bio-unit-000","","bio-protocol","bio-protocol:2|bio-unit-000:0","APPROVE_CURRENT_KRAKEN_PAIR_BRIDGE","bio-protocol"
"BIT","BIT","EUR|USD","3","biconomy-exchange-token|bitdao|bitdealer","","","biconomy-exchange-token:0|bitdao:0|bitdealer:0","UNVERIFIED_NO_CURRENT_KRAKEN_PAIR_BRIDGE",""
"BLUR","BLUR","EUR|USD","1","blur","","blur","blur:2","APPROVE_CURRENT_KRAKEN_PAIR_BRIDGE","blur"
"BLZ","BLZ","EUR|USD","1","bluzelle","","bluzelle","bluzelle:1","APPROVE_CURRENT_KRAKEN_PAIR_BRIDGE","bluzelle"
"BMT","BMT","EUR|USD","2","bitcoin-maxi-tears-2|bubblemaps","","bubblemaps","bitcoin-maxi-tears-2:0|bubblemaps:2","APPROVE_CURRENT_KRAKEN_PAIR_BRIDGE","bubblemaps"
"BNB","BNB","EUR|USD|USDC|USDT","2","anubis-bridged-bnb-anubis|binancecoin","","binancecoin","anubis-bridged-bnb-anubis:0|binancecoin:4","APPROVE_CURRENT_KRAKEN_PAIR_BRIDGE","binancecoin"
"BNC","BNC","EUR|USD","2","bifrost-native-coin|bnc","","","bifrost-native-coin:0|bnc:0","UNVERIFIED_NO_CURRENT_KRAKEN_PAIR_BRIDGE",""
"BNT","BNT","EUR|USD","1","bancor","","bancor","bancor:2","APPROVE_CURRENT_KRAKEN_PAIR_BRIDGE","bancor"
"BOBA","BOBA","EUR|USD","2","bobacat|boba-network","","boba-network","bobacat:0|boba-network:2","APPROVE_CURRENT_KRAKEN_PAIR_BRIDGE","boba-network"
"BODEN","BODEN","EUR|USD","1","jeo-boden","","jeo-boden","jeo-boden:1","APPROVE_CURRENT_KRAKEN_PAIR_BRIDGE","jeo-boden"
"BOND","BOND","EUR|USD","1","barnbridge","","","barnbridge:0","UNVERIFIED_NO_CURRENT_KRAKEN_PAIR_BRIDGE",""
"BONK","BONK","EUR|USD","4","based-bonk|bonk|bonk-on-base|bonk-on-eth","","bonk","based-bonk:0|bonk:2|bonk-on-base:0|bonk-on-eth:0","APPROVE_CURRENT_KRAKEN_PAIR_BRIDGE","bonk"
"BRICK","BRICK","EUR|USD","2","brickcoin|brickton","","","brickcoin:0|brickton:0","UNVERIFIED_NO_CURRENT_KRAKEN_PAIR_BRIDGE",""
"BSX","BSX","EUR|USD","2","basex|basilisk","","","basex:0|basilisk:0","UNVERIFIED_NO_CURRENT_KRAKEN_PAIR_BRIDGE",""
"BTT","BTT","EUR|USD","1","bittorrent","","bittorrent","bittorrent:2","APPROVE_CURRENT_KRAKEN_PAIR_BRIDGE","bittorrent"
"C98","C98","EUR|USD","1","coin98","","coin98","coin98:1","APPROVE_CURRENT_KRAKEN_PAIR_BRIDGE","coin98"
"CAKE","CAKE","EUR|USD","1","pancakeswap-token","","pancakeswap-token","pancakeswap-token:1","APPROVE_CURRENT_KRAKEN_PAIR_BRIDGE","pancakeswap-token"
"CAT","CAT","EUR|USD","15","cat-2|cat-3|cat-call-agent|cat-cat-token|catcoin|catcoin-bsc|catcoin-cash|catcoin-eth|caterpillar-dinari-tokenized-stock|cat-inu|catson|cat-terminal|cat-token|simon-s-cat|sol-cat","","simon-s-cat","cat-2:0|cat-3:0|cat-call-agent:0|cat-cat-token:0|catcoin:0|catcoin-bsc:0|catcoin-cash:0|catcoin-eth:0|caterpillar-dinari-tokenized-stock:0|cat-inu:0|catson:0|cat-terminal:0|cat-token:0|simon-s-cat:1|sol-cat:0","APPROVE_CURRENT_KRAKEN_PAIR_BRIDGE","simon-s-cat"
"CELO","CELO","EUR|USD","1","celo","","celo","celo:2","APPROVE_CURRENT_KRAKEN_PAIR_BRIDGE","celo"
"CELR","CELR","EUR|USD","1","celer-network","","celer-network","celer-network:2","APPROVE_CURRENT_KRAKEN_PAIR_BRIDGE","celer-network"
"CFG","CFG","EUR|USD","2","centrifuge|centrifuge-2","","centrifuge","centrifuge:2|centrifuge-2:0","APPROVE_CURRENT_KRAKEN_PAIR_BRIDGE","centrifuge"
"CHEEMS","CHEEMS","EUR|USD","4","cheems|cheems-cto|cheems-token|og-cheems","","cheems-token","cheems:0|cheems-cto:0|cheems-token:1|og-cheems:0","APPROVE_CURRENT_KRAKEN_PAIR_BRIDGE","cheems-token"
"CHEX","CHEX","EUR|USD","1","chex-token","","chex-token","chex-token:1","APPROVE_CURRENT_KRAKEN_PAIR_BRIDGE","chex-token"
"CHR","CHR","EUR|USD","2","chromaway|chronos-finance","","chromaway","chromaway:1|chronos-finance:0","APPROVE_CURRENT_KRAKEN_PAIR_BRIDGE","chromaway"
"CHZ","CHZ","EUR|USD","1","chiliz","","chiliz","chiliz:1","APPROVE_CURRENT_KRAKEN_PAIR_BRIDGE","chiliz"
"CLANKER","CLANKER","EUR|USD","3","clanker|clanker-2|tokenbot-2","","tokenbot-2","clanker:0|clanker-2:0|tokenbot-2:1","APPROVE_CURRENT_KRAKEN_PAIR_BRIDGE","tokenbot-2"
"CLOUD","CLOUD","EUR|USD","5","cloudai|cloudbase|crypto-clouds|decloud|sanctum-2","","sanctum-2","cloudai:0|cloudbase:0|crypto-clouds:0|decloud:0|sanctum-2:1","APPROVE_CURRENT_KRAKEN_PAIR_BRIDGE","sanctum-2"
"CLV","CLV","EUR|USD","2","clevernode|clover-finance","","","clevernode:0|clover-finance:0","UNVERIFIED_NO_CURRENT_KRAKEN_PAIR_BRIDGE",""
"CMETH","CMETH","ETH|USD","1","mantle-restaked-eth","","","mantle-restaked-eth:0","UNVERIFIED_NO_CURRENT_KRAKEN_PAIR_BRIDGE",""
"COMP","COMP","EUR|USD|XBT","1","compound-governance-token","","compound-governance-token","compound-governance-token:2","APPROVE_CURRENT_KRAKEN_PAIR_BRIDGE","compound-governance-token"
"COOKIE","COOKIE","EUR|USD","2","cookie|cookiebase","","cookie","cookie:1|cookiebase:0","APPROVE_CURRENT_KRAKEN_PAIR_BRIDGE","cookie"
"CORN","CORN","EUR|USD","3","corn-2|corn-3|solanacorn","","","corn-2:0|corn-3:0|solanacorn:0","UNVERIFIED_NO_CURRENT_KRAKEN_PAIR_BRIDGE",""
"COTI","COTI","EUR|USD","1","coti","","coti","coti:2","APPROVE_CURRENT_KRAKEN_PAIR_BRIDGE","coti"
"COW","COW","EUR|USD","4","cow|cowcoin-2|cow-protocol|perpetual-cow","","cow-protocol","cow:0|cowcoin-2:0|cow-protocol:2|perpetual-cow:0","APPROVE_CURRENT_KRAKEN_PAIR_BRIDGE","cow-protocol"
"CPOOL","CPOOL","EUR|USD","1","clearpool","","clearpool","clearpool:2","APPROVE_CURRENT_KRAKEN_PAIR_BRIDGE","clearpool"
"CQT","CQT","EUR|USD","0","","","","","UNVERIFIED_NO_CURRENT_KRAKEN_PAIR_BRIDGE",""
"CRO","CRO","EUR|USD|USDC|USDT","2","cronos-zkevm-bridged-cro-cronos-zkevm|crypto-com-chain","","crypto-com-chain","cronos-zkevm-bridged-cro-cronos-zkevm:0|crypto-com-chain:3","APPROVE_CURRENT_KRAKEN_PAIR_BRIDGE","crypto-com-chain"
"CRV","CRV","EUR|USD","2","bridged-curve-dao-token-stargate|curve-dao-token","","curve-dao-token","bridged-curve-dao-token-stargate:0|curve-dao-token:2","APPROVE_CURRENT_KRAKEN_PAIR_BRIDGE","curve-dao-token"
"CSM","CSM","EUR|USD","0","","","","","UNVERIFIED_NO_CURRENT_KRAKEN_PAIR_BRIDGE",""
"CTSI","CTSI","EUR|USD","1","cartesi","","cartesi","cartesi:1","APPROVE_CURRENT_KRAKEN_PAIR_BRIDGE","cartesi"
"CVC","CVC","EUR|USD","1","civic","","civic","civic:1","APPROVE_CURRENT_KRAKEN_PAIR_BRIDGE","civic"
"CVX","CVX","EUR|USD","2","chevron-corp-dinari-tokenized-stock|convex-finance","","convex-finance","chevron-corp-dinari-tokenized-stock:0|convex-finance:2","APPROVE_CURRENT_KRAKEN_PAIR_BRIDGE","convex-finance"
"CXT","CXT","EUR|USD","1","covalent-x-token","","covalent-x-token","covalent-x-token:2","APPROVE_CURRENT_KRAKEN_PAIR_BRIDGE","covalent-x-token"
"CYBER","CYBER","EUR|USD","2","cyberconnect|cyberpunk-city","","cyberconnect","cyberconnect:2|cyberpunk-city:0","APPROVE_CURRENT_KRAKEN_PAIR_BRIDGE","cyberconnect"
"DAI","DAI","EUR|USD|USDT","28","anubis-bridged-dai-anubis|avalanche-bridged-dai-avalanche|binance-peg-dai|bridged-dai|bridged-dai-stablecoin-linea|bridged-dai-starkgate|celer-bridged-dai-astar|crypto-com-bridged-dai-cronos|dai|dai-on-pulsechain|dai-pulsechain|harmony-horizon-bridged-dai-harmony-shard-0|l2-standard-bridged-dai-base|makerdao-arbitrum-bridged-dai-arbitrum-one|makerdao-arbitrum-nova-dai-bridge-arbitrum-nova|makerdao-optimism-bridged-dai-optimism|multichain-bridged-dai-energi|multichain-bridged-dai-fantom|multichain-bridged-dai-moonbeam|multichain-bridged-dai-moonriver|nova-dai|omnibridge-bridged-dai-gnosis-chain|polygon-pos-bridged-dai-polygon-pos|polygon-zkevm-bridged-dai-polygon-zkevm|rainbow-bridged-dai-aurora|rainbow-bridged-dai-near-protocol|starkgate-bridged-dai-v2-starknet|zksync-erc20-bridged-dai-zksync","","dai","anubis-bridged-dai-anubis:0|avalanche-bridged-dai-avalanche:0|binance-peg-dai:0|bridged-dai:0|bridged-dai-stablecoin-linea:0|bridged-dai-starkgate:0|celer-bridged-dai-astar:0|crypto-com-bridged-dai-cronos:0|dai:3|dai-on-pulsechain:0|dai-pulsechain:0|harmony-horizon-bridged-dai-harmony-shard-0:0|l2-standard-bridged-dai-base:0|makerdao-arbitrum-bridged-dai-arbitrum-one:0|makerdao-arbitrum-nova-dai-bridge-arbitrum-nova:0|makerdao-optimism-bridged-dai-optimism:0|multichain-bridged-dai-energi:0|multichain-bridged-dai-fantom:0|multichain-bridged-dai-moonbeam:0|multichain-bridged-dai-moonriver:0|nova-dai:0|omnibridge-bridged-dai-gnosis-chain:0|polygon-pos-bridged-dai-polygon-pos:0|polygon-zkevm-bridged-dai-polygon-zkevm:0|rainbow-bridged-dai-aurora:0|rainbow-bridged-dai-near-protocol:0|starkgate-bridged-dai-v2-starknet:0|zksync-erc20-bridged-dai-zksync:0","APPROVE_CURRENT_KRAKEN_PAIR_BRIDGE","dai"
"DASH","DASH","EUR|USD","2","dash|dash-2","","dash","dash:2|dash-2:0","APPROVE_CURRENT_KRAKEN_PAIR_BRIDGE","dash"
"DBR","DBR","EUR|USD","2","debridge|dola-borrowing-right","","debridge","debridge:1|dola-borrowing-right:0","APPROVE_CURRENT_KRAKEN_PAIR_BRIDGE","debridge"
"DEEP","DEEP","EUR|USD","2","deep|deeployer","","deep","deep:2|deeployer:0","APPROVE_CURRENT_KRAKEN_PAIR_BRIDGE","deep"
"DEGEN","DEGEN","EUR|USD","7","degen-arena|degen-base|degenerate|degen-social-media|degenstogether|degen-the-otter-3|degen-the-otter-4","","degen-base","degen-arena:0|degen-base:2|degenerate:0|degen-social-media:0|degenstogether:0|degen-the-otter-3:0|degen-the-otter-4:0","APPROVE_CURRENT_KRAKEN_PAIR_BRIDGE","degen-base"
"DENT","DENT","EUR|USD","1","dent","","dent","dent:4","APPROVE_CURRENT_KRAKEN_PAIR_BRIDGE","dent"
"DMC","DMC","EUR|USD","2","decentralized-mining-exchange|delorean","","delorean","decentralized-mining-exchange:0|delorean:1","APPROVE_CURRENT_KRAKEN_PAIR_BRIDGE","delorean"
"DOG","DOG","EUR|USD","11","base-dog|basic-dog-meme|dog-4|dog-go-to-the-moon-rune|its-just-a-dog|it-s-just-a-dog|just-a-dog|ledog-dog|nietzschean-dog|the-crypto-dog|the-doge-nft","","dog-go-to-the-moon-rune","base-dog:0|basic-dog-meme:0|dog-4:0|dog-go-to-the-moon-rune:2|its-just-a-dog:0|it-s-just-a-dog:0|just-a-dog:0|ledog-dog:0|nietzschean-dog:0|the-crypto-dog:0|the-doge-nft:0","APPROVE_CURRENT_KRAKEN_PAIR_BRIDGE","dog-go-to-the-moon-rune"
"DOGS","DOGS","EUR|USD","4","doggensnout-skeptic|dogs-2|dont-tread-on-me|we-love-dogs","","dogs-2","doggensnout-skeptic:0|dogs-2:2|dont-tread-on-me:0|we-love-dogs:0","APPROVE_CURRENT_KRAKEN_PAIR_BRIDGE","dogs-2"
"DOLO","DOLO","EUR|USD","1","dolomite","","","dolomite:0","UNVERIFIED_NO_CURRENT_KRAKEN_PAIR_BRIDGE",""
"DOT","DOT","ETH|EUR|GBP|JPY|USD|USDC|USDT|XBT","5","binance-peg-polkadot|dot|pippin-s-friend|polkadot|xcdot","","polkadot","binance-peg-polkadot:0|dot:0|pippin-s-friend:0|polkadot:7|xcdot:0","APPROVE_CURRENT_KRAKEN_PAIR_BRIDGE","polkadot"
"DRIFT","DRIFT","EUR|USD","1","drift-protocol","","drift-protocol","drift-protocol:2","APPROVE_CURRENT_KRAKEN_PAIR_BRIDGE","drift-protocol"
"DRV","DRV","EUR|USD","1","derive","","derive","derive:2","APPROVE_CURRENT_KRAKEN_PAIR_BRIDGE","derive"
"DUCK","DUCK","EUR|USD","7","appduck-by-virtuals|dlp-duck-token|duckchain-token|duckcoin|duck-token|lemonade-stand-duck|the-duck","","duckchain-token","appduck-by-virtuals:0|dlp-duck-token:0|duckchain-token:2|duckcoin:0|duck-token:0|lemonade-stand-duck:0|the-duck:0","APPROVE_CURRENT_KRAKEN_PAIR_BRIDGE","duckchain-token"
"DYDX","DYDX","EUR|USD","2","dydx-chain|dydx-wormhole","","","dydx-chain:0|dydx-wormhole:0","UNVERIFIED_NO_CURRENT_KRAKEN_PAIR_BRIDGE",""
"DYM","DYM","EUR|USD","1","dymension","","dymension","dymension:2","APPROVE_CURRENT_KRAKEN_PAIR_BRIDGE","dymension"
"EDGE","EDGE","EUR|USD","4","definitive|edge|edge-2|edgex","","definitive|edgex","definitive:1|edge:0|edge-2:0|edgex:1","UNVERIFIED_MULTIPLE_KRAKEN_PAIR_BRIDGES",""
"EGLD","EGLD","EUR|USD","1","elrond-erd-2","","elrond-erd-2","elrond-erd-2:2","APPROVE_CURRENT_KRAKEN_PAIR_BRIDGE","elrond-erd-2"
"EIGEN","EIGEN","EUR|USD","1","eigenlayer","","eigenlayer","eigenlayer:2","APPROVE_CURRENT_KRAKEN_PAIR_BRIDGE","eigenlayer"
"ELX","ELX","EUR|USD","1","elixir-finance","","elixir-finance","elixir-finance:1","APPROVE_CURRENT_KRAKEN_PAIR_BRIDGE","elixir-finance"
"ENA","ENA","EUR|USD","1","ethena","","ethena","ethena:2","APPROVE_CURRENT_KRAKEN_PAIR_BRIDGE","ethena"
"ENJ","ENJ","EUR|USD","1","enjincoin","","enjincoin","enjincoin:2","APPROVE_CURRENT_KRAKEN_PAIR_BRIDGE","enjincoin"
"ENS","ENS","EUR|USD","1","ethereum-name-service","","ethereum-name-service","ethereum-name-service:2","APPROVE_CURRENT_KRAKEN_PAIR_BRIDGE","ethereum-name-service"
"EOS","EOS","EUR|USD|USDC|USDT","2","binance-peg-eos|eos","","","binance-peg-eos:0|eos:0","UNVERIFIED_NO_CURRENT_KRAKEN_PAIR_BRIDGE",""
"ESX","ESX","EUR|USD","1","estatex","","","estatex:0","UNVERIFIED_NO_CURRENT_KRAKEN_PAIR_BRIDGE",""
"ETHFI","ETHFI","EUR|USD","1","ether-fi","","ether-fi","ether-fi:2","APPROVE_CURRENT_KRAKEN_PAIR_BRIDGE","ether-fi"
"ETHW","ETHW","ETH|EUR|USD","1","ethereum-pow-iou","","","ethereum-pow-iou:0","UNVERIFIED_NO_CURRENT_KRAKEN_PAIR_BRIDGE",""
"EUL","EUL","EUR|USD","1","euler","","euler","euler:2","APPROVE_CURRENT_KRAKEN_PAIR_BRIDGE","euler"
"EUROP","EUROP","EUR|USD|USDC","1","schuman-europ","","schuman-europ","schuman-europ:2","APPROVE_CURRENT_KRAKEN_PAIR_BRIDGE","schuman-europ"
"EURQ","EURQ","EUR|USD","1","quantoz-eurq","","quantoz-eurq","quantoz-eurq:2","APPROVE_CURRENT_KRAKEN_PAIR_BRIDGE","quantoz-eurq"
"EURR","EURR","EUR|USD|USDC|USDT","1","stablr-euro","","","stablr-euro:0","UNVERIFIED_NO_CURRENT_KRAKEN_PAIR_BRIDGE",""
"EWT","EWT","EUR|USD","2","energy-web-token|ishares-msci-taiwan-etf-robinhood-token","","energy-web-token","energy-web-token:2|ishares-msci-taiwan-etf-robinhood-token:0","APPROVE_CURRENT_KRAKEN_PAIR_BRIDGE","energy-web-token"
"FARM","FARM","EUR|USD","4","farm-2|farmtown|harvest-finance|this-is-a-farm","","","farm-2:0|farmtown:0|harvest-finance:0|this-is-a-farm:0","UNVERIFIED_NO_CURRENT_KRAKEN_PAIR_BRIDGE",""
"FARTCOIN","FARTCOIN","EUR|USD|USDC|USDT","2","based-fartcoin|fartcoin","","fartcoin","based-fartcoin:0|fartcoin:3","APPROVE_CURRENT_KRAKEN_PAIR_BRIDGE","fartcoin"
"FET","FET","EUR|USD","1","fetch-ai","","fetch-ai","fetch-ai:2","APPROVE_CURRENT_KRAKEN_PAIR_BRIDGE","fetch-ai"
"FHE","FHE","EUR|USD","1","mind-network","","","mind-network:0","UNVERIFIED_NO_CURRENT_KRAKEN_PAIR_BRIDGE",""
"FIDA","FIDA","EUR|USD","1","bonfida","","bonfida","bonfida:2","APPROVE_CURRENT_KRAKEN_PAIR_BRIDGE","bonfida"
"FIL","FIL","ETH|EUR|GBP|USD|XBT","2","binance-peg-filecoin|filecoin","","filecoin","binance-peg-filecoin:0|filecoin:2","APPROVE_CURRENT_KRAKEN_PAIR_BRIDGE","filecoin"
"FIS","FIS","EUR|USD","2","fidelity-national-information-services-dinari-tokenized-stock|stafi","","stafi","fidelity-national-information-services-dinari-tokenized-stock:0|stafi:2","APPROVE_CURRENT_KRAKEN_PAIR_BRIDGE","stafi"
"FLOKI","FLOKI","EUR|USD","1","floki","","floki","floki:1","APPROVE_CURRENT_KRAKEN_PAIR_BRIDGE","floki"
"FLOW","FLOW","EUR|USD","6","flow|flow-agent|flow-state|pulsechain-flow|robinflow|stake-flow","","flow","flow:2|flow-agent:0|flow-state:0|pulsechain-flow:0|robinflow:0|stake-flow:0","APPROVE_CURRENT_KRAKEN_PAIR_BRIDGE","flow"
"FLR","FLR","EUR|USD","1","flare-networks","","flare-networks","flare-networks:2","APPROVE_CURRENT_KRAKEN_PAIR_BRIDGE","flare-networks"
"FLUX","FLUX","EUR|USD","2","flux|zelcash","","zelcash","flux:0|zelcash:2","APPROVE_CURRENT_KRAKEN_PAIR_BRIDGE","zelcash"
"FLY","FLY","EUR|USD","4","firefly-aerospace-inc-robinhood-token|fly-2|franklin|hyperfly","","","firefly-aerospace-inc-robinhood-token:0|fly-2:0|franklin:0|hyperfly:0","UNVERIFIED_NO_CURRENT_KRAKEN_PAIR_BRIDGE",""
"FORTH","FORTH","EUR|USD","1","ampleforth-governance-token","","ampleforth-governance-token","ampleforth-governance-token:2","APPROVE_CURRENT_KRAKEN_PAIR_BRIDGE","ampleforth-governance-token"
"FWOG","FWOG","EUR|USD","2","based-fwog|fwog","","fwog","based-fwog:0|fwog:2","APPROVE_CURRENT_KRAKEN_PAIR_BRIDGE","fwog"
"FXS","FXS","EUR|USD","0","","","","","UNVERIFIED_NO_CURRENT_KRAKEN_PAIR_BRIDGE",""
"G","G","EUR|USD","2","giants-protocol|g-token","","g-token","giants-protocol:0|g-token:1","APPROVE_CURRENT_KRAKEN_PAIR_BRIDGE","g-token"
"GAL","GAL","EUR|USD","3","galatasaray-fan-token|one-unchill-gal|project-galaxy","","","galatasaray-fan-token:0|one-unchill-gal:0|project-galaxy:0","UNVERIFIED_NO_CURRENT_KRAKEN_PAIR_BRIDGE",""
"GALA","GALA","EUR|USD","1","gala","","gala","gala:2","APPROVE_CURRENT_KRAKEN_PAIR_BRIDGE","gala"
"GARI","GARI","EUR|USD","1","gari-network","","","gari-network:0","UNVERIFIED_NO_CURRENT_KRAKEN_PAIR_BRIDGE",""
"GFI","GFI","EUR|USD","2","goldfinch|gravity-finance","","goldfinch","goldfinch:2|gravity-finance:0","APPROVE_CURRENT_KRAKEN_PAIR_BRIDGE","goldfinch"
"GHIBLI","GHIBLI","EUR|USD","2","ghiblicz|ghiblification","","","ghiblicz:0|ghiblification:0","UNVERIFIED_NO_CURRENT_KRAKEN_PAIR_BRIDGE",""
"GHST","GHST","EUR|USD","1","aavegotchi","","aavegotchi","aavegotchi:2","APPROVE_CURRENT_KRAKEN_PAIR_BRIDGE","aavegotchi"
"GIGA","GIGA","EUR|USD","2","gigachad-2|gigaswap","","gigachad-2","gigachad-2:2|gigaswap:0","APPROVE_CURRENT_KRAKEN_PAIR_BRIDGE","gigachad-2"
"GLMR","GLMR","EUR|USD","1","moonbeam","","moonbeam","moonbeam:1","APPROVE_CURRENT_KRAKEN_PAIR_BRIDGE","moonbeam"
"GMT","GMT","EUR|USD","1","stepn","","stepn","stepn:2","APPROVE_CURRENT_KRAKEN_PAIR_BRIDGE","stepn"
"GMX","GMX","EUR|USD","1","gmx","","gmx","gmx:2","APPROVE_CURRENT_KRAKEN_PAIR_BRIDGE","gmx"
"GNO","GNO","EUR|USD","2","gnosis|linea-bridged-gno-linea","","gnosis","gnosis:1|linea-bridged-gno-linea:0","APPROVE_CURRENT_KRAKEN_PAIR_BRIDGE","gnosis"
"GOAT","GOAT","EUR|USD","8","absolute-goat|goatcoin-2|goatseus-maximus|goatseus-maximus-on-eth|goat-trading|greatestofavaxtrenches|sonic-the-goat|wild-goat-coin-2-2","","goatseus-maximus","absolute-goat:0|goatcoin-2:0|goatseus-maximus:2|goatseus-maximus-on-eth:0|goat-trading:0|greatestofavaxtrenches:0|sonic-the-goat:0|wild-goat-coin-2-2:0","APPROVE_CURRENT_KRAKEN_PAIR_BRIDGE","goatseus-maximus"
"GRASS","GRASS","EUR|USD","2","grass|grass-2","","grass","grass:1|grass-2:0","APPROVE_CURRENT_KRAKEN_PAIR_BRIDGE","grass"
"GRIFFAIN","GRIFFAIN","EUR|USD","1","griffain","","griffain","griffain:2","APPROVE_CURRENT_KRAKEN_PAIR_BRIDGE","griffain"
"GRT","GRT","EUR|GBP|USD|XBT","1","the-graph","","the-graph","the-graph:2","APPROVE_CURRENT_KRAKEN_PAIR_BRIDGE","the-graph"
"GST","GST","EUR|USD","0","","","","","UNVERIFIED_NO_CURRENT_KRAKEN_PAIR_BRIDGE",""
"GTC","GTC","EUR|USD","3","gitcoin|global-trust-coin|gtech-coin","","gitcoin","gitcoin:2|global-trust-coin:0|gtech-coin:0","APPROVE_CURRENT_KRAKEN_PAIR_BRIDGE","gitcoin"
"GUN","GUN","EUR|USD","1","gunz","","gunz","gunz:2","APPROVE_CURRENT_KRAKEN_PAIR_BRIDGE","gunz"
"HDX","HDX","EUR|USD","2","home-depot-xstock|hydradx","","hydradx","home-depot-xstock:0|hydradx:2","APPROVE_CURRENT_KRAKEN_PAIR_BRIDGE","hydradx"
"HFT","HFT","EUR|USD","1","hashflow","","hashflow","hashflow:2","APPROVE_CURRENT_KRAKEN_PAIR_BRIDGE","hashflow"
"HIPPO","HIPPO","EUR|USD","1","sudeng","","","sudeng:0","UNVERIFIED_NO_CURRENT_KRAKEN_PAIR_BRIDGE",""
"HMSTR","HMSTR","EUR|USD","1","hamster-kombat","","hamster-kombat","hamster-kombat:2","APPROVE_CURRENT_KRAKEN_PAIR_BRIDGE","hamster-kombat"
"HNT","HNT","EUR|USD","1","helium","","helium","helium:1","APPROVE_CURRENT_KRAKEN_PAIR_BRIDGE","helium"
"HONEY","HONEY","EUR|USD","2","hivemapper|honey-3","","hivemapper","hivemapper:2|honey-3:0","APPROVE_CURRENT_KRAKEN_PAIR_BRIDGE","hivemapper"
"HPOS10I","HPOS10I","EUR|USD","0","","","","","UNVERIFIED_NO_CURRENT_KRAKEN_PAIR_BRIDGE",""
"ICP","ICP","EUR|USD","1","internet-computer","","internet-computer","internet-computer:2","APPROVE_CURRENT_KRAKEN_PAIR_BRIDGE","internet-computer"
"ICX","ICX","EUR|USD","1","icon","","","icon:0","UNVERIFIED_NO_CURRENT_KRAKEN_PAIR_BRIDGE",""
"IDEX","IDEX","EUR|USD","1","aurora-dao","","aurora-dao","aurora-dao:2","APPROVE_CURRENT_KRAKEN_PAIR_BRIDGE","aurora-dao"
"IMX","IMX","EUR|USD","1","immutable-x","","immutable-x","immutable-x:2","APPROVE_CURRENT_KRAKEN_PAIR_BRIDGE","immutable-x"
"INIT","INIT","EUR|USD","2","init|initia","","initia","init:0|initia:1","APPROVE_CURRENT_KRAKEN_PAIR_BRIDGE","initia"
"INJ","INJ","EUR|USD","1","injective-protocol","","injective-protocol","injective-protocol:2","APPROVE_CURRENT_KRAKEN_PAIR_BRIDGE","injective-protocol"
"INTR","INTR","EUR|USD","0","","","","","UNVERIFIED_NO_CURRENT_KRAKEN_PAIR_BRIDGE",""
"IP","IP","EUR|USD","0","","","","","UNVERIFIED_NO_CURRENT_KRAKEN_PAIR_BRIDGE",""
"JAILSTOOL","JAILSTOOL","EUR|USD","1","stool-prisondente","","","stool-prisondente:0","UNVERIFIED_NO_CURRENT_KRAKEN_PAIR_BRIDGE",""
"JASMY","JASMY","EUR|USD","1","jasmycoin","","jasmycoin","jasmycoin:2","APPROVE_CURRENT_KRAKEN_PAIR_BRIDGE","jasmycoin"
"JITOSOL","JITOSOL","EUR|SOL|USD","1","jito-staked-sol","","","jito-staked-sol:0","UNVERIFIED_NO_CURRENT_KRAKEN_PAIR_BRIDGE",""
"JST","JST","EUR|USD","1","just","","just","just:2","APPROVE_CURRENT_KRAKEN_PAIR_BRIDGE","just"
"JTO","JTO","EUR|USD","1","jito-governance-token","","jito-governance-token","jito-governance-token:2","APPROVE_CURRENT_KRAKEN_PAIR_BRIDGE","jito-governance-token"
"JUNO","JUNO","EUR|USD","3","juno-agent|junocash|juno-network","","juno-network","juno-agent:0|junocash:0|juno-network:2","APPROVE_CURRENT_KRAKEN_PAIR_BRIDGE","juno-network"
"JUP","JUP","EUR|USD","2","jupiter|jupiter-exchange-solana","","jupiter-exchange-solana","jupiter:0|jupiter-exchange-solana:2","APPROVE_CURRENT_KRAKEN_PAIR_BRIDGE","jupiter-exchange-solana"
"K","K","EUR|USD","1","sidekick","","","sidekick:0","UNVERIFIED_NO_CURRENT_KRAKEN_PAIR_BRIDGE",""
"KAITO","KAITO","EUR|USD","1","kaito","","kaito","kaito:1","APPROVE_CURRENT_KRAKEN_PAIR_BRIDGE","kaito"
"KAR","KAR","EUR|USD","1","karura","","","karura:0","UNVERIFIED_NO_CURRENT_KRAKEN_PAIR_BRIDGE",""
"KAS","KAS","EUR|USD","1","kaspa","","kaspa","kaspa:2","APPROVE_CURRENT_KRAKEN_PAIR_BRIDGE","kaspa"
"KAVA","KAVA","EUR|USD","1","kava","","kava","kava:2","APPROVE_CURRENT_KRAKEN_PAIR_BRIDGE","kava"
"KERNEL","KERNEL","EUR|USD","1","kernel-2","","kernel-2","kernel-2:2","APPROVE_CURRENT_KRAKEN_PAIR_BRIDGE","kernel-2"
"KEY","KEY","EUR|USD","2","key-2|selfkey","","","key-2:0|selfkey:0","UNVERIFIED_NO_CURRENT_KRAKEN_PAIR_BRIDGE",""
"KILT","KILT","EUR|USD","1","kilt-protocol-2","","","kilt-protocol-2:0","UNVERIFIED_NO_CURRENT_KRAKEN_PAIR_BRIDGE",""
"KIN","KIN","EUR|USD","2","kin|kindred-labs","","","kin:0|kindred-labs:0","UNVERIFIED_NO_CURRENT_KRAKEN_PAIR_BRIDGE",""
"KINT","KINT","EUR|USD","0","","","","","UNVERIFIED_NO_CURRENT_KRAKEN_PAIR_BRIDGE",""
"KMNO","KMNO","EUR|USD","1","kamino","","kamino","kamino:2","APPROVE_CURRENT_KRAKEN_PAIR_BRIDGE","kamino"
"KNC","KNC","EUR|USD","1","kyber-network-crystal","","kyber-network-crystal","kyber-network-crystal:1","APPROVE_CURRENT_KRAKEN_PAIR_BRIDGE","kyber-network-crystal"
"KOBAN","KOBAN","EUR|USD","1","koban","","","koban:0","UNVERIFIED_NO_CURRENT_KRAKEN_PAIR_BRIDGE",""
"KP3R","KP3R","EUR|USD","1","keep3rv1","","","keep3rv1:0","UNVERIFIED_NO_CURRENT_KRAKEN_PAIR_BRIDGE",""
"KSM","KSM","EUR|GBP|USD","1","kusama","","kusama","kusama:3","APPROVE_CURRENT_KRAKEN_PAIR_BRIDGE","kusama"
"L3","L3","EUR|USD","1","layer3","","layer3","layer3:1","APPROVE_CURRENT_KRAKEN_PAIR_BRIDGE","layer3"
"LAYER","LAYER","EUR|USD","2","solayer|unilayer","","solayer","solayer:1|unilayer:0","APPROVE_CURRENT_KRAKEN_PAIR_BRIDGE","solayer"
"LCX","LCX","EUR|USD","1","lcx","","lcx","lcx:2","APPROVE_CURRENT_KRAKEN_PAIR_BRIDGE","lcx"
"LDO","LDO","EUR|USD","2","lido-dao|linea-bridged-ldo-linea","","lido-dao","lido-dao:2|linea-bridged-ldo-linea:0","APPROVE_CURRENT_KRAKEN_PAIR_BRIDGE","lido-dao"
"LINK","LINK","AUD|ETH|EUR|GBP|JPY|USD|USDC|USDT|XBT","3","chainlink|linea-bridged-link-linea|osmosis-alllink","","chainlink","chainlink:7|linea-bridged-link-linea:0|osmosis-alllink:0","APPROVE_CURRENT_KRAKEN_PAIR_BRIDGE","chainlink"
"LIT","LIT","EUR|USD","4","lighter|lit|litentry|timeless","","lighter|litentry","lighter:1|lit:0|litentry:2|timeless:0","UNVERIFIED_MULTIPLE_KRAKEN_PAIR_BRIDGES",""
"LMWR","LMWR","EUR|USD","1","limewire-token","","limewire-token","limewire-token:2","APPROVE_CURRENT_KRAKEN_PAIR_BRIDGE","limewire-token"
"LOCKIN","LOCKIN","EUR|USD","1","lock-in","","","lock-in:0","UNVERIFIED_NO_CURRENT_KRAKEN_PAIR_BRIDGE",""
"LOFI","LOFI","EUR|USD","1","lofi-2","","lofi-2","lofi-2:1","APPROVE_CURRENT_KRAKEN_PAIR_BRIDGE","lofi-2"
"LPT","LPT","EUR|USD","1","livepeer","","","livepeer:0","UNVERIFIED_NO_CURRENT_KRAKEN_PAIR_BRIDGE",""
"LQTY","LQTY","EUR|USD","1","liquity","","liquity","liquity:2","APPROVE_CURRENT_KRAKEN_PAIR_BRIDGE","liquity"
"LRC","LRC","EUR|USD","1","loopring","","loopring","loopring:2","APPROVE_CURRENT_KRAKEN_PAIR_BRIDGE","loopring"
"LSETH","LSETH","ETH|EUR|USD","1","liquid-staked-ethereum","","liquid-staked-ethereum","liquid-staked-ethereum:2","APPROVE_CURRENT_KRAKEN_PAIR_BRIDGE","liquid-staked-ethereum"
"LSK","LSK","EUR|USD","1","lisk","","lisk","lisk:2","APPROVE_CURRENT_KRAKEN_PAIR_BRIDGE","lisk"
"LUNA","LUNA","EUR|USD","2","luna-by-virtuals|terra-luna-2","","","luna-by-virtuals:0|terra-luna-2:0","UNVERIFIED_NO_CURRENT_KRAKEN_PAIR_BRIDGE",""
"LUNA2","LUNA2","EUR|USD","0","","","","","UNVERIFIED_NO_CURRENT_KRAKEN_PAIR_BRIDGE",""
"MANA","MANA","EUR|USD|USDC|USDT|XBT","3","decentraland|decentraland-wormhole|meme-anarchic-numismatic-asset","","decentraland","decentraland:4|decentraland-wormhole:0|meme-anarchic-numismatic-asset:0","APPROVE_CURRENT_KRAKEN_PAIR_BRIDGE","decentraland"
"MASK","MASK","EUR|USD","2","catwifmask|mask-network","","mask-network","catwifmask:0|mask-network:2","APPROVE_CURRENT_KRAKEN_PAIR_BRIDGE","mask-network"
"MAT","MAT","EUR|USD","2","matchain|my-master-war","","","matchain:0|my-master-war:0","UNVERIFIED_NO_CURRENT_KRAKEN_PAIR_BRIDGE",""
"MC","MC","EUR|USD","4","magic-crystal|marketcat|merit-circle|merry-christmas","","","magic-crystal:0|marketcat:0|merit-circle:0|merry-christmas:0","UNVERIFIED_NO_CURRENT_KRAKEN_PAIR_BRIDGE",""
"ME","ME","EUR|USD","2","literally-me|magic-eden","","","literally-me:0|magic-eden:0","UNVERIFIED_NO_CURRENT_KRAKEN_PAIR_BRIDGE",""
"MELANIA","MELANIA","EUR|USD|USDC|USDT","1","melania-meme","","melania-meme","melania-meme:4","APPROVE_CURRENT_KRAKEN_PAIR_BRIDGE","melania-meme"
"MEME","MEME","EUR|USD","5","1-meme-can-change-your-life|memecoin-2|memetoon|most-elegant-monkey-ever|mpx6900","","memecoin-2","1-meme-can-change-your-life:0|memecoin-2:2|memetoon:0|most-elegant-monkey-ever:0|mpx6900:0","APPROVE_CURRENT_KRAKEN_PAIR_BRIDGE","memecoin-2"
"METH","METH","ETH|USD","2","mantle-staked-ether|mirrored-ether","","mantle-staked-ether","mantle-staked-ether:2|mirrored-ether:0","APPROVE_CURRENT_KRAKEN_PAIR_BRIDGE","mantle-staked-ether"
"METIS","METIS","EUR|USD","2","medusa-metis|metis-token","","metis-token","medusa-metis:0|metis-token:1","APPROVE_CURRENT_KRAKEN_PAIR_BRIDGE","metis-token"
"MEW","MEW","EUR|USD","1","cat-in-a-dogs-world","","cat-in-a-dogs-world","cat-in-a-dogs-world:1","APPROVE_CURRENT_KRAKEN_PAIR_BRIDGE","cat-in-a-dogs-world"
"MICHI","MICHI","EUR|USD","1","michi","","","michi:0","UNVERIFIED_NO_CURRENT_KRAKEN_PAIR_BRIDGE",""
"MINA","MINA","EUR|GBP|USD|XBT","1","mina-protocol","","mina-protocol","mina-protocol:3","APPROVE_CURRENT_KRAKEN_PAIR_BRIDGE","mina-protocol"
"MIR","MIR","EUR|USD","3","mirror-chain|mirror-protocol|mir-token","","mirror-protocol","mirror-chain:0|mirror-protocol:2|mir-token:0","APPROVE_CURRENT_KRAKEN_PAIR_BRIDGE","mirror-protocol"
"MKR","MKR","EUR|USD|XBT","1","maker","","","maker:0","UNVERIFIED_NO_CURRENT_KRAKEN_PAIR_BRIDGE",""
"MNGO","MNGO","EUR|USD","1","mango-markets","","","mango-markets:0","UNVERIFIED_NO_CURRENT_KRAKEN_PAIR_BRIDGE",""
"MNT","MNT","EUR|USD","2","mantle|mundoteam","","mantle","mantle:2|mundoteam:0","APPROVE_CURRENT_KRAKEN_PAIR_BRIDGE","mantle"
"MOG","MOG","EUR|USD","4","based-mog-coin|mog|mog-cat|mog-coin","","mog-coin","based-mog-coin:0|mog:0|mog-cat:0|mog-coin:2","APPROVE_CURRENT_KRAKEN_PAIR_BRIDGE","mog-coin"
"MOODENG","MOODENG","EUR|USD","2","moo-deng|moo-deng-2","","moo-deng","moo-deng:1|moo-deng-2:0","APPROVE_CURRENT_KRAKEN_PAIR_BRIDGE","moo-deng"
"MOON","MOON","EUR|USD","15","black-unicorn-corp|honeymoon-token|just-mooncoin|lightspeed-to-the-moon|millionaire-out-of-nowhere|moon|moon-2|moon-3|moon-4|moonbase-2|moon-bay-2|mooncoin-4|moonflow|moon-inu|moon-moon","","","black-unicorn-corp:0|honeymoon-token:0|just-mooncoin:0|lightspeed-to-the-moon:0|millionaire-out-of-nowhere:0|moon:0|moon-2:0|moon-3:0|moon-4:0|moonbase-2:0|moon-bay-2:0|mooncoin-4:0|moonflow:0|moon-inu:0|moon-moon:0","UNVERIFIED_NO_CURRENT_KRAKEN_PAIR_BRIDGE",""
"MORPHO","MORPHO","EUR|USD","2","morpho|morpho-2","","morpho","morpho:2|morpho-2:0","APPROVE_CURRENT_KRAKEN_PAIR_BRIDGE","morpho"
"MOVE","MOVE","EUR|USD","2","moveapp|movement","","","moveapp:0|movement:0","UNVERIFIED_NO_CURRENT_KRAKEN_PAIR_BRIDGE",""
"MOVR","MOVR","EUR|USD","1","moonriver","","moonriver","moonriver:2","APPROVE_CURRENT_KRAKEN_PAIR_BRIDGE","moonriver"
"MSOL","MSOL","EUR|USD","1","msol","","","msol:0","UNVERIFIED_NO_CURRENT_KRAKEN_PAIR_BRIDGE",""
"MUBARAK","MUBARAK","EUR|USD","2","mubarak|mubarak-sol","","mubarak","mubarak:1|mubarak-sol:0","APPROVE_CURRENT_KRAKEN_PAIR_BRIDGE","mubarak"
"MULTI","MULTI","EUR|USD","2","multichain|multichain-bsc","","multichain","multichain:2|multichain-bsc:0","APPROVE_CURRENT_KRAKEN_PAIR_BRIDGE","multichain"
"MV","MV","EUR|USD","1","gensokishis-metaverse","","","gensokishis-metaverse:0","UNVERIFIED_NO_CURRENT_KRAKEN_PAIR_BRIDGE",""
"MXC","MXC","EUR|USD","1","mxc","","","mxc:0","UNVERIFIED_NO_CURRENT_KRAKEN_PAIR_BRIDGE",""
"NANO","NANO","EUR|USD","1","nanopay","","","nanopay:0","UNVERIFIED_NO_CURRENT_KRAKEN_PAIR_BRIDGE",""
"NEAR","NEAR","EUR|USD","3","binance-peg-near-protocol|near|rainbow-bridged-near-ethereum","","near","binance-peg-near-protocol:0|near:2|rainbow-bridged-near-ethereum:0","APPROVE_CURRENT_KRAKEN_PAIR_BRIDGE","near"
"NEIRO","NEIRO","EUR|USD","5","neiro|neiro-2|neiro-3|neiro-4|neiro-on-tron","","neiro-3","neiro:0|neiro-2:0|neiro-3:1|neiro-4:0|neiro-on-tron:0","APPROVE_CURRENT_KRAKEN_PAIR_BRIDGE","neiro-3"
"NIL","NIL","EUR|USD","1","nillion","","nillion","nillion:2","APPROVE_CURRENT_KRAKEN_PAIR_BRIDGE","nillion"
"NMR","NMR","EUR|USD","1","numeraire","","numeraire","numeraire:2","APPROVE_CURRENT_KRAKEN_PAIR_BRIDGE","numeraire"
"NODL","NODL","EUR|USD","1","nodle-network","","","nodle-network:0","UNVERIFIED_NO_CURRENT_KRAKEN_PAIR_BRIDGE",""
"NOS","NOS","EUR|USD","1","nosana","","nosana","nosana:1","APPROVE_CURRENT_KRAKEN_PAIR_BRIDGE","nosana"
"NOT","NOT","EUR|USD","2","notcoin|nothing-3","","notcoin","notcoin:2|nothing-3:0","APPROVE_CURRENT_KRAKEN_PAIR_BRIDGE","notcoin"
"NPC","NPC","EUR|USD","4","non-playable-character|non-playable-coin|npc|npc-2","","non-playable-coin","non-playable-character:0|non-playable-coin:2|npc:0|npc-2:0","APPROVE_CURRENT_KRAKEN_PAIR_BRIDGE","non-playable-coin"
"NTRN","NTRN","EUR|USD","1","neutron-3","","","neutron-3:0","UNVERIFIED_NO_CURRENT_KRAKEN_PAIR_BRIDGE",""
"NYM","NYM","EUR|USD","1","nym","","","nym:0","UNVERIFIED_NO_CURRENT_KRAKEN_PAIR_BRIDGE",""
"OCEAN","OCEAN","EUR|USD","2","ocean-2|ocean-protocol","","ocean-protocol","ocean-2:0|ocean-protocol:2","APPROVE_CURRENT_KRAKEN_PAIR_BRIDGE","ocean-protocol"
"ODOS","ODOS","EUR|USD","1","odos","","odos","odos:1","APPROVE_CURRENT_KRAKEN_PAIR_BRIDGE","odos"
"OGN","OGN","EUR|USD","1","origin-protocol","","origin-protocol","origin-protocol:2","APPROVE_CURRENT_KRAKEN_PAIR_BRIDGE","origin-protocol"
"OM","OM","EUR|USD","0","","","","","UNVERIFIED_NO_CURRENT_KRAKEN_PAIR_BRIDGE",""
"OMG","OMG","EUR|USD","2","oh-my-god|omisego","","omisego","oh-my-god:0|omisego:1","APPROVE_CURRENT_KRAKEN_PAIR_BRIDGE","omisego"
"OMNI","OMNI","EUR|USD","6","omni-2|omnicat|omni-exchange-token|omni-launch|omni-network|omnis-genesis-by-virtuals","","","omni-2:0|omnicat:0|omni-exchange-token:0|omni-launch:0|omni-network:0|omnis-genesis-by-virtuals:0","UNVERIFIED_NO_CURRENT_KRAKEN_PAIR_BRIDGE",""
"ONDO","ONDO","EUR|USD","1","ondo-finance","","ondo-finance","ondo-finance:2","APPROVE_CURRENT_KRAKEN_PAIR_BRIDGE","ondo-finance"
"OP","OP","EUR|USD","2","one-path|optimism","","optimism","one-path:0|optimism:1","APPROVE_CURRENT_KRAKEN_PAIR_BRIDGE","optimism"
"ORCA","ORCA","EUR|USD","1","orca","","orca","orca:2","APPROVE_CURRENT_KRAKEN_PAIR_BRIDGE","orca"
"ORDER","ORDER","EUR|USD","2","order-3|orderly-network","","","order-3:0|orderly-network:0","UNVERIFIED_NO_CURRENT_KRAKEN_PAIR_BRIDGE",""
"OSMO","OSMO","EUR|USD","1","osmosis","","osmosis","osmosis:2","APPROVE_CURRENT_KRAKEN_PAIR_BRIDGE","osmosis"
"OXT","OXT","EUR|USD","1","orchid-protocol","","orchid-protocol","orchid-protocol:2","APPROVE_CURRENT_KRAKEN_PAIR_BRIDGE","orchid-protocol"
"OXY","OXY","EUR|USD","1","oxygen","","","oxygen:0","UNVERIFIED_NO_CURRENT_KRAKEN_PAIR_BRIDGE",""
"PAXG","PAXG","ETH|EUR|USD|XBT","1","pax-gold","","pax-gold","pax-gold:2","APPROVE_CURRENT_KRAKEN_PAIR_BRIDGE","pax-gold"
"PDA","PDA","EUR|USD","1","playdapp","","","playdapp:0","UNVERIFIED_NO_CURRENT_KRAKEN_PAIR_BRIDGE",""
"PENDLE","PENDLE","EUR|USD","1","pendle","","pendle","pendle:2","APPROVE_CURRENT_KRAKEN_PAIR_BRIDGE","pendle"
"PENGU","PENGU","EUR|USD|USDC|USDT","1","pudgy-penguins","","pudgy-penguins","pudgy-penguins:4","APPROVE_CURRENT_KRAKEN_PAIR_BRIDGE","pudgy-penguins"
"PEPE","PEPE","AUD|CAD|EUR|GBP|USD","21","baby-pepe-5|based-pepe|el-sapo-pepe|next-gen-pepe|pepe|pepe-0x69-on-base|pepe-2|pepebrc|pepecoin-on-sol|pepecoin-on-solana|pepe-cto|pepe-gold|pepe-in-hood|pepe-king-prawn|pepe-on-solana|pepesol|pepe-sol|pepe-solana|pepe-token|pepewifhood|the-chosen-frog","","pepe","baby-pepe-5:0|based-pepe:0|el-sapo-pepe:0|next-gen-pepe:0|pepe:4|pepe-0x69-on-base:0|pepe-2:0|pepebrc:0|pepecoin-on-sol:0|pepecoin-on-solana:0|pepe-cto:0|pepe-gold:0|pepe-in-hood:0|pepe-king-prawn:0|pepe-on-solana:0|pepesol:0|pepe-sol:0|pepe-solana:0|pepe-token:0|pepewifhood:0|the-chosen-frog:0","APPROVE_CURRENT_KRAKEN_PAIR_BRIDGE","pepe"
"PERP","PERP","EUR|USD","2","perpetual-protocol|perpolator","","perpetual-protocol","perpetual-protocol:2|perpolator:0","APPROVE_CURRENT_KRAKEN_PAIR_BRIDGE","perpetual-protocol"
"PHA","PHA","EUR|USD","1","pha","","pha","pha:1","APPROVE_CURRENT_KRAKEN_PAIR_BRIDGE","pha"
"PLUME","PLUME","EUR|USD","1","plume","","plume","plume:2","APPROVE_CURRENT_KRAKEN_PAIR_BRIDGE","plume"
"PNUT","PNUT","EUR|USD","4","peanut-3|peanut-the-squirrel|pnut|pnut-the-squirrel","","peanut-the-squirrel","peanut-3:0|peanut-the-squirrel:2|pnut:0|pnut-the-squirrel:0","APPROVE_CURRENT_KRAKEN_PAIR_BRIDGE","peanut-the-squirrel"
"POL","POL","EUR|USD","4","anubis-bridged-pol-anubis|katana-bridged-pol-katana|polygon-ecosystem-token|proof-of-liquidity","","polygon-ecosystem-token","anubis-bridged-pol-anubis:0|katana-bridged-pol-katana:0|polygon-ecosystem-token:2|proof-of-liquidity:0","APPROVE_CURRENT_KRAKEN_PAIR_BRIDGE","polygon-ecosystem-token"
"POLIS","POLIS","EUR|USD","2","polis|star-atlas-dao","","star-atlas-dao","polis:0|star-atlas-dao:1","APPROVE_CURRENT_KRAKEN_PAIR_BRIDGE","star-atlas-dao"
"POLS","POLS","EUR|USD","1","polkastarter","","polkastarter","polkastarter:2","APPROVE_CURRENT_KRAKEN_PAIR_BRIDGE","polkastarter"
"POND","POND","EUR|USD","1","marlin","","marlin","marlin:2","APPROVE_CURRENT_KRAKEN_PAIR_BRIDGE","marlin"
"PONKE","PONKE","EUR|USD","1","ponke","","ponke","ponke:2","APPROVE_CURRENT_KRAKEN_PAIR_BRIDGE","ponke"
"POPCAT","POPCAT","EUR|GBP|USD","1","popcat","","popcat","popcat:3","APPROVE_CURRENT_KRAKEN_PAIR_BRIDGE","popcat"
"PORTAL","PORTAL","EUR|USD","1","portal-2","","portal-2","portal-2:1","APPROVE_CURRENT_KRAKEN_PAIR_BRIDGE","portal-2"
"POWR","POWR","EUR|USD","1","power-ledger","","power-ledger","power-ledger:2","APPROVE_CURRENT_KRAKEN_PAIR_BRIDGE","power-ledger"
"PRCL","PRCL","EUR|USD","1","parcl","","parcl","parcl:2","APPROVE_CURRENT_KRAKEN_PAIR_BRIDGE","parcl"
"PRIME","PRIME","EUR|USD","3","echelon-prime|hastra-prime|prime-2","","echelon-prime","echelon-prime:2|hastra-prime:0|prime-2:0","APPROVE_CURRENT_KRAKEN_PAIR_BRIDGE","echelon-prime"
"PROMPT","PROMPT","EUR|USD","2","promptbidder|wayfinder","","wayfinder","promptbidder:0|wayfinder:2","APPROVE_CURRENT_KRAKEN_PAIR_BRIDGE","wayfinder"
"PSTAKE","PSTAKE","EUR|USD","1","pstake-finance","","","pstake-finance:0","UNVERIFIED_NO_CURRENT_KRAKEN_PAIR_BRIDGE",""
"PUFFER","PUFFER","EUR|USD","1","puffer-finance","","puffer-finance","puffer-finance:2","APPROVE_CURRENT_KRAKEN_PAIR_BRIDGE","puffer-finance"
"PYTH","PYTH","EUR|USD","1","pyth-network","","pyth-network","pyth-network:2","APPROVE_CURRENT_KRAKEN_PAIR_BRIDGE","pyth-network"
"PYUSD","PYUSD","EUR|USD","1","paypal-usd","","paypal-usd","paypal-usd:1","APPROVE_CURRENT_KRAKEN_PAIR_BRIDGE","paypal-usd"
"QNT","QNT","EUR|USD","2","quantinuum-inc-robinhood-token|quant-network","","quant-network","quantinuum-inc-robinhood-token:0|quant-network:2","APPROVE_CURRENT_KRAKEN_PAIR_BRIDGE","quant-network"
"QTUM","QTUM","EUR|USD","1","qtum","","qtum","qtum:2","APPROVE_CURRENT_KRAKEN_PAIR_BRIDGE","qtum"
"RAD","RAD","EUR|USD","1","radicle","","radicle","radicle:1","APPROVE_CURRENT_KRAKEN_PAIR_BRIDGE","radicle"
"RARE","RARE","EUR|USD","2","superrare|superrarebears-rare","","superrare","superrare:2|superrarebears-rare:0","APPROVE_CURRENT_KRAKEN_PAIR_BRIDGE","superrare"
"RARI","RARI","EUR|USD","1","rarible","","rarible","rarible:2","APPROVE_CURRENT_KRAKEN_PAIR_BRIDGE","rarible"
"RAY","RAY","EUR|USD","1","raydium","","raydium","raydium:2","APPROVE_CURRENT_KRAKEN_PAIR_BRIDGE","raydium"
"RBC","RBC","EUR|USD","1","rubic","","rubic","rubic:1","APPROVE_CURRENT_KRAKEN_PAIR_BRIDGE","rubic"
"RED","RED","EUR|USD","2","redstone-oracles|red-token","","redstone-oracles","redstone-oracles:2|red-token:0","APPROVE_CURRENT_KRAKEN_PAIR_BRIDGE","redstone-oracles"
"REN","REN","EUR|USD","1","republic-protocol","","republic-protocol","republic-protocol:2","APPROVE_CURRENT_KRAKEN_PAIR_BRIDGE","republic-protocol"
"RENDER","RENDER","EUR|USD","1","render-token","","render-token","render-token:2","APPROVE_CURRENT_KRAKEN_PAIR_BRIDGE","render-token"
"REPV2","REPV2","EUR|USD","0","","","","","UNVERIFIED_NO_CURRENT_KRAKEN_PAIR_BRIDGE",""
"REQ","REQ","EUR|USD","1","request-network","","request-network","request-network:2","APPROVE_CURRENT_KRAKEN_PAIR_BRIDGE","request-network"
"REZ","REZ","EUR|USD","1","renzo","","renzo","renzo:2","APPROVE_CURRENT_KRAKEN_PAIR_BRIDGE","renzo"
"RIZE","RIZE","EUR|USD","1","rize","","rize","rize:2","APPROVE_CURRENT_KRAKEN_PAIR_BRIDGE","rize"
"RLC","RLC","EUR|USD","1","iexec-rlc","","iexec-rlc","iexec-rlc:1","APPROVE_CURRENT_KRAKEN_PAIR_BRIDGE","iexec-rlc"
"RLUSD","RLUSD","USD|USDC|USDT","1","ripple-usd","","ripple-usd","ripple-usd:3","APPROVE_CURRENT_KRAKEN_PAIR_BRIDGE","ripple-usd"
"ROOK","ROOK","EUR|USD","1","rook","","","rook:0","UNVERIFIED_NO_CURRENT_KRAKEN_PAIR_BRIDGE",""
"RPL","RPL","EUR|USD","1","rocket-pool","","rocket-pool","rocket-pool:2","APPROVE_CURRENT_KRAKEN_PAIR_BRIDGE","rocket-pool"
"RSR","RSR","EUR|USD","1","reserve-rights-token","","reserve-rights-token","reserve-rights-token:2","APPROVE_CURRENT_KRAKEN_PAIR_BRIDGE","reserve-rights-token"
"RUJI","RUJI","EUR|USD","1","rujira","","rujira","rujira:1","APPROVE_CURRENT_KRAKEN_PAIR_BRIDGE","rujira"
"RUNE","RUNE","EUR|USD","2","rune-2|thorchain","","thorchain","rune-2:0|thorchain:2","APPROVE_CURRENT_KRAKEN_PAIR_BRIDGE","thorchain"
"S","S","EUR|USD|USDC|USDT","2","agent-s|sonic-3","","sonic-3","agent-s:0|sonic-3:4","APPROVE_CURRENT_KRAKEN_PAIR_BRIDGE","sonic-3"
"SAFE","SAFE","EUR|USD","5","safe|safe-2|safe-anwang|safecoin|safe-coin-2","","safe","safe:2|safe-2:0|safe-anwang:0|safecoin:0|safe-coin-2:0","APPROVE_CURRENT_KRAKEN_PAIR_BRIDGE","safe"
"SAGA","SAGA","EUR|USD","1","saga-2","","saga-2","saga-2:1","APPROVE_CURRENT_KRAKEN_PAIR_BRIDGE","saga-2"
"SAHARA","SAHARA","EUR|USD","1","sahara-ai","","","sahara-ai:0","UNVERIFIED_NO_CURRENT_KRAKEN_PAIR_BRIDGE",""
"SAMO","SAMO","EUR|USD","1","samoyedcoin","","samoyedcoin","samoyedcoin:2","APPROVE_CURRENT_KRAKEN_PAIR_BRIDGE","samoyedcoin"
"SAND","SAND","EUR|GBP|USD|XBT","2","the-sandbox|the-sandbox-wormhole","","the-sandbox","the-sandbox:3|the-sandbox-wormhole:0","APPROVE_CURRENT_KRAKEN_PAIR_BRIDGE","the-sandbox"
"SBR","SBR","EUR|USD","3","saber|sbrsol|strategic-bitcoin-reserve","","saber","saber:2|sbrsol:0|strategic-bitcoin-reserve:0","APPROVE_CURRENT_KRAKEN_PAIR_BRIDGE","saber"
"SC","SC","EUR|USD|XBT","3","shark-cat|siacoin|star-cat","","siacoin","shark-cat:0|siacoin:2|star-cat:0","APPROVE_CURRENT_KRAKEN_PAIR_BRIDGE","siacoin"
"SCRT","SCRT","EUR|USD","1","secret","","secret","secret:2","APPROVE_CURRENT_KRAKEN_PAIR_BRIDGE","secret"
"SDN","SDN","EUR|USD","0","","","","","UNVERIFIED_NO_CURRENT_KRAKEN_PAIR_BRIDGE",""
"SEI","SEI","EUR|USD","2","layerzero-bridged-sei|sei-network","","sei-network","layerzero-bridged-sei:0|sei-network:1","APPROVE_CURRENT_KRAKEN_PAIR_BRIDGE","sei-network"
"SGB","SGB","EUR|USD","1","songbird","","songbird","songbird:2","APPROVE_CURRENT_KRAKEN_PAIR_BRIDGE","songbird"
"SHIB","SHIB","EUR|USD|USDC|USDT","8","binance-peg-shib|niccagewaluigielmo42069inu|shiba-inu|shiba-inu-wormhole|shiba-on-base|shib-on-solana|shibwifhatcoin|strategic-hub-for-innovation-in-blockchain","","shiba-inu","binance-peg-shib:0|niccagewaluigielmo42069inu:0|shiba-inu:4|shiba-inu-wormhole:0|shiba-on-base:0|shib-on-solana:0|shibwifhatcoin:0|strategic-hub-for-innovation-in-blockchain:0","APPROVE_CURRENT_KRAKEN_PAIR_BRIDGE","shiba-inu"
"SIGMA","SIGMA","EUR|USD","5","csigma-finance|sigma|sigma-2|sigma-3|sigmadotmoney","","sigma","csigma-finance:0|sigma:1|sigma-2:0|sigma-3:0|sigmadotmoney:0","APPROVE_CURRENT_KRAKEN_PAIR_BRIDGE","sigma"
"SKY","SKY","EUR|USD","6","darkcrypto-share|sky|skycastle|skycoin|skydrome|skynet-3","","sky","darkcrypto-share:0|sky:1|skycastle:0|skycoin:0|skydrome:0|skynet-3:0","APPROVE_CURRENT_KRAKEN_PAIR_BRIDGE","sky"
"SNEK","SNEK","EUR|USD","2","based-snek|snek","","snek","based-snek:0|snek:1","APPROVE_CURRENT_KRAKEN_PAIR_BRIDGE","snek"
"SNX","SNX","EUR|USD|XBT","1","havven","","havven","havven:2","APPROVE_CURRENT_KRAKEN_PAIR_BRIDGE","havven"
"SOL","SOL","AUD|CAD|ETH|EUR|GBP|USD|USDC|USDT|XBT","11","allbridge-bridged-sol-near-protocol|base-bridged-sol-base|binance-peg-sol|hyperlane-bridged-sol-eclipse|near-intents-bridged-sol|neonpass-bridged-sol-neon-evm|osmosis-allsol|solana|sol-the-trophy-tomato|wormhole-bridged-sol|wormhole-bridged-wrapped-sol-sui","","solana","allbridge-bridged-sol-near-protocol:0|base-bridged-sol-base:0|binance-peg-sol:0|hyperlane-bridged-sol-eclipse:0|near-intents-bridged-sol:0|neonpass-bridged-sol-neon-evm:0|osmosis-allsol:0|solana:2|sol-the-trophy-tomato:0|wormhole-bridged-sol:0|wormhole-bridged-wrapped-sol-sui:0","APPROVE_CURRENT_KRAKEN_PAIR_BRIDGE","solana"
"SONIC","SONIC","EUR|USD","3","sonic-snipe-bot|sonic-solana|sonic-svm","","","sonic-snipe-bot:0|sonic-solana:0|sonic-svm:0","UNVERIFIED_NO_CURRENT_KRAKEN_PAIR_BRIDGE",""
"SPELL","SPELL","EUR|USD","2","spell-token|the-spellcaster","","spell-token","spell-token:2|the-spellcaster:0","APPROVE_CURRENT_KRAKEN_PAIR_BRIDGE","spell-token"
"SPICE","SPICE","EUR|USD","1","spice-2","","","spice-2:0","UNVERIFIED_NO_CURRENT_KRAKEN_PAIR_BRIDGE",""
"SPK","SPK","EUR|USD","1","spark-2","","spark-2","spark-2:1","APPROVE_CURRENT_KRAKEN_PAIR_BRIDGE","spark-2"
"SPX","SPX","EUR|USD","1","spx6900","","spx6900","spx6900:2","APPROVE_CURRENT_KRAKEN_PAIR_BRIDGE","spx6900"
"SRM","SRM","EUR|USD","1","serum","","serum","serum:2","APPROVE_CURRENT_KRAKEN_PAIR_BRIDGE","serum"
"SSV","SSV","EUR|USD","1","ssv-network","","ssv-network","ssv-network:2","APPROVE_CURRENT_KRAKEN_PAIR_BRIDGE","ssv-network"
"STEP","STEP","EUR|USD","2","step|step-finance","","","step:0|step-finance:0","UNVERIFIED_NO_CURRENT_KRAKEN_PAIR_BRIDGE",""
"STG","STG","EUR|USD","1","stargate-finance","","stargate-finance","stargate-finance:2","APPROVE_CURRENT_KRAKEN_PAIR_BRIDGE","stargate-finance"
"STORJ","STORJ","EUR|USD","1","storj","","storj","storj:2","APPROVE_CURRENT_KRAKEN_PAIR_BRIDGE","storj"
"STRD","STRD","EUR|USD","2","strategy-stride-preferred-dinari-tokenized-stock|stride","","","strategy-stride-preferred-dinari-tokenized-stock:0|stride:0","UNVERIFIED_NO_CURRENT_KRAKEN_PAIR_BRIDGE",""
"STRK","STRK","EUR|USD","2","starknet|strategy-strike-preferred-dinari-tokenized-stock","","starknet","starknet:2|strategy-strike-preferred-dinari-tokenized-stock:0","APPROVE_CURRENT_KRAKEN_PAIR_BRIDGE","starknet"
"STX","STX","EUR|USD","1","blockstack","","blockstack","blockstack:2","APPROVE_CURRENT_KRAKEN_PAIR_BRIDGE","blockstack"
"SUI","SUI","EUR|GBP|USD","1","sui","","sui","sui:3","APPROVE_CURRENT_KRAKEN_PAIR_BRIDGE","sui"
"SUN","SUN","EUR|USD","1","sun-token","","sun-token","sun-token:1","APPROVE_CURRENT_KRAKEN_PAIR_BRIDGE","sun-token"
"SUNDOG","SUNDOG","EUR|USD","1","sundog","","sundog","sundog:2","APPROVE_CURRENT_KRAKEN_PAIR_BRIDGE","sundog"
"SUPER","SUPER","EUR|USD","3","superclaw|super-connector|superfarm","","superfarm","superclaw:0|super-connector:0|superfarm:2","APPROVE_CURRENT_KRAKEN_PAIR_BRIDGE","superfarm"
"SUSHI","SUSHI","EUR|USD","1","sushi","","sushi","sushi:2","APPROVE_CURRENT_KRAKEN_PAIR_BRIDGE","sushi"
"SWARMS","SWARMS","EUR|USD","1","swarms","","","swarms:0","UNVERIFIED_NO_CURRENT_KRAKEN_PAIR_BRIDGE",""
"SWELL","SWELL","EUR|USD","2","layerzero-bridged-swell|swell-network","","swell-network","layerzero-bridged-swell:0|swell-network:2","APPROVE_CURRENT_KRAKEN_PAIR_BRIDGE","swell-network"
"SXT","SXT","EUR|USD","1","space-and-time","","space-and-time","space-and-time:2","APPROVE_CURRENT_KRAKEN_PAIR_BRIDGE","space-and-time"
"SYN","SYN","EUR|USD","2","synapse-2|synthra","","synapse-2","synapse-2:1|synthra:0","APPROVE_CURRENT_KRAKEN_PAIR_BRIDGE","synapse-2"
"SYRUP","SYRUP","EUR|USD","1","syrup","","syrup","syrup:1","APPROVE_CURRENT_KRAKEN_PAIR_BRIDGE","syrup"
"T","T","EUR|USD","2","talos-2|threshold-network-token","","threshold-network-token","talos-2:0|threshold-network-token:2","APPROVE_CURRENT_KRAKEN_PAIR_BRIDGE","threshold-network-token"
"TAO","TAO","EUR|USD","2","bittensor|the-anthropic-order","","bittensor","bittensor:2|the-anthropic-order:0","APPROVE_CURRENT_KRAKEN_PAIR_BRIDGE","bittensor"
"TBTC","TBTC","EUR|USD|XBT","1","tbtc","","","tbtc:0","UNVERIFIED_NO_CURRENT_KRAKEN_PAIR_BRIDGE",""
"TEER","TEER","EUR|USD","1","integritee","","","integritee:0","UNVERIFIED_NO_CURRENT_KRAKEN_PAIR_BRIDGE",""
"TERM","TERM","EUR|USD","0","","","","","UNVERIFIED_NO_CURRENT_KRAKEN_PAIR_BRIDGE",""
"TIA","TIA","EUR|USD","2","celestia|tia","","celestia","celestia:2|tia:0","APPROVE_CURRENT_KRAKEN_PAIR_BRIDGE","celestia"
"TITCOIN","TITCOIN","EUR|USD","1","titcoin-2","","","titcoin-2:0","UNVERIFIED_NO_CURRENT_KRAKEN_PAIR_BRIDGE",""
"TLM","TLM","EUR|USD","1","alien-worlds","","alien-worlds","alien-worlds:2","APPROVE_CURRENT_KRAKEN_PAIR_BRIDGE","alien-worlds"
"TNSR","TNSR","EUR|USD","1","tensor","","tensor","tensor:2","APPROVE_CURRENT_KRAKEN_PAIR_BRIDGE","tensor"
"TOKE","TOKE","EUR|USD","2","tokemak|tokeo","","","tokemak:0|tokeo:0","UNVERIFIED_NO_CURRENT_KRAKEN_PAIR_BRIDGE",""
"TOKEN","TOKEN","EUR|USD","3","token|tokenfi|tokenization","","tokenfi","token:0|tokenfi:1|tokenization:0","APPROVE_CURRENT_KRAKEN_PAIR_BRIDGE","tokenfi"
"TON","TON","EUR|USD|USDC|USDT","4","atnt-ondo-tokenized-stock|tac-bridged-ton-tac|tokamak-network|tontoken","","","atnt-ondo-tokenized-stock:0|tac-bridged-ton-tac:0|tokamak-network:0|tontoken:0","UNVERIFIED_NO_CURRENT_KRAKEN_PAIR_BRIDGE",""
"TOSHI","TOSHI","EUR|USD","3","first-dog-to-buy-crypto|toshi|toshi-3","","toshi","first-dog-to-buy-crypto:0|toshi:2|toshi-3:0","APPROVE_CURRENT_KRAKEN_PAIR_BRIDGE","toshi"
"TRAC","TRAC","EUR|USD","2","origintrail|trac","","origintrail","origintrail:2|trac:0","APPROVE_CURRENT_KRAKEN_PAIR_BRIDGE","origintrail"
"TREMP","TREMP","EUR|USD","1","donald-tremp","","","donald-tremp:0","UNVERIFIED_NO_CURRENT_KRAKEN_PAIR_BRIDGE",""
"TRU","TRU","EUR|USD","2","truebit-protocol|truefi","","truefi","truebit-protocol:0|truefi:2","APPROVE_CURRENT_KRAKEN_PAIR_BRIDGE","truefi"
"TRUMP","TRUMP","EUR|USD|USDC|USDT","4","bridged-maga-wormhole|maga|meme-trumpcoin|official-trump","","official-trump","bridged-maga-wormhole:0|maga:0|meme-trumpcoin:0|official-trump:4","APPROVE_CURRENT_KRAKEN_PAIR_BRIDGE","official-trump"
"TRX","TRX","ETH|EUR|USD|XBT","3","solana-bridged-trx-solana|tron|tron-bsc","","tron","solana-bridged-trx-solana:0|tron:3|tron-bsc:0","APPROVE_CURRENT_KRAKEN_PAIR_BRIDGE","tron"
"TURBO","TURBO","EUR|USD","6","based-turbo|turbo|turbodex|turboloop-token|turbo-on-robinhood|turbo-win","","turbo","based-turbo:0|turbo:1|turbodex:0|turboloop-token:0|turbo-on-robinhood:0|turbo-win:0","APPROVE_CURRENT_KRAKEN_PAIR_BRIDGE","turbo"
"TUSD","TUSD","EUR|USD","2","bridged-trueusd|true-usd","","","bridged-trueusd:0|true-usd:0","UNVERIFIED_NO_CURRENT_KRAKEN_PAIR_BRIDGE",""
"TVK","TVK","EUR|USD","1","the-virtua-kolect","","","the-virtua-kolect:0","UNVERIFIED_NO_CURRENT_KRAKEN_PAIR_BRIDGE",""
"UFD","UFD","EUR|USD","1","unicorn-fart-dust","","unicorn-fart-dust","unicorn-fart-dust:1","APPROVE_CURRENT_KRAKEN_PAIR_BRIDGE","unicorn-fart-dust"
"UMA","UMA","EUR|USD","1","uma","","uma","uma:2","APPROVE_CURRENT_KRAKEN_PAIR_BRIDGE","uma"
"UNFI","UNFI","EUR|USD","1","unifi-protocol-dao","","unifi-protocol-dao","unifi-protocol-dao:2","APPROVE_CURRENT_KRAKEN_PAIR_BRIDGE","unifi-protocol-dao"
"UNI","UNI","ETH|EUR|USD|XBT","5","linea-bridged-uni-linea|uni|unicorn-token|uniswap|uniswap-wormhole","","uniswap","linea-bridged-uni-linea:0|uni:0|unicorn-token:0|uniswap:3|uniswap-wormhole:0","APPROVE_CURRENT_KRAKEN_PAIR_BRIDGE","uniswap"
"USDC","USDC","AUD|CAD|CHF|EUR|GBP|USD|USDT","60","anubis-bridged-usdc-anubis|beam-bridged-usdc-beam|bifrost-bridged-usdc-bifrost|binance-bridged-usdc-bnb-smart-chain|bridged-usdc|bridged-usdc-chainport|bridged-usdc-core|bridged-usdc-immutable-zkevm|bridged-usdc-moonriver|bridged-usd-coin-linea|bridged-usd-coin-manta-pacific|bridged-usd-coin-scroll|bridged-usd-coin-starkgate|ccip-bridged-usdc-ronin|celer-bridged-usdc-astar|celer-bridged-usdc-conflux|celer-bridged-usdc-filecoin|cronos-bridged-usdc-cronos|cronos-zkevm-bridged-usdc-cronos-zkevm|eclipse-bridged-usdc-eclipse|edu-chain-bridged-usdc-edu-chain|energi-bridged-usdc-energi|fraxtal-bridged-usdc-fraxtal|gnosis-xdai-bridged-usdc-gnosis|hyperlane-bridged-usdc-igra|hyperlane-bridged-usdc-lukso|hyperlane-bridged-usdc-mantra-evm|ima-bridged-usdc-skale|initia-bridged-usdc-initia|kucoin-bridged-usdc-kucoin-community-chain|layerzero-bridged-usdc-aptos|layerzero-bridged-usdc-etherlink|lens-bridged-usdc-lens|mantle-bridged-usdc-mantle|mode-bridged-usdc-mode|morph-l2-bridged-usdc-morph-l2|multichain-bridged-usdc-dogechain|multichain-bridged-usdc-fantom|near-intents-bridged-usdc|neonpass-bridged-usdc-neon|nomad-bridged-usdc-moonbeam|nova-usdc|official-arbitrum-bridged-usdc-arbitrum-nova|polygon-hermez-bridged-usdc-polygon-zkevm|polygon-hermez-bridged-usdc-x-layer|q-bridged-usdc-q-mainnet|rainbow-bridged-usdc-aurora|shido-bridged-usdc|sophon-bridged-usdc-sophon|superseed-bridged-usdc-superseed|synapse-bridged-usdc-elastos|taiko-bridged-usdc-taiko|thundercore-bridged-usdc-thundercore|upside-down-cat|usd-coin|usd-coin-pulsechain|wanchain-bridged-usdc-cardano|wormhole-bridged-usdc-fantom|zero-network-bridged-usdc-zero-network|zksync-bridged-usdc-zksync","","usd-coin","anubis-bridged-usdc-anubis:0|beam-bridged-usdc-beam:0|bifrost-bridged-usdc-bifrost:0|binance-bridged-usdc-bnb-smart-chain:0|bridged-usdc:0|bridged-usdc-chainport:0|bridged-usdc-core:0|bridged-usdc-immutable-zkevm:0|bridged-usdc-moonriver:0|bridged-usd-coin-linea:0|bridged-usd-coin-manta-pacific:0|bridged-usd-coin-scroll:0|bridged-usd-coin-starkgate:0|ccip-bridged-usdc-ronin:0|celer-bridged-usdc-astar:0|celer-bridged-usdc-conflux:0|celer-bridged-usdc-filecoin:0|cronos-bridged-usdc-cronos:0|cronos-zkevm-bridged-usdc-cronos-zkevm:0|eclipse-bridged-usdc-eclipse:0|edu-chain-bridged-usdc-edu-chain:0|energi-bridged-usdc-energi:0|fraxtal-bridged-usdc-fraxtal:0|gnosis-xdai-bridged-usdc-gnosis:0|hyperlane-bridged-usdc-igra:0|hyperlane-bridged-usdc-lukso:0|hyperlane-bridged-usdc-mantra-evm:0|ima-bridged-usdc-skale:0|initia-bridged-usdc-initia:0|kucoin-bridged-usdc-kucoin-community-chain:0|layerzero-bridged-usdc-aptos:0|layerzero-bridged-usdc-etherlink:0|lens-bridged-usdc-lens:0|mantle-bridged-usdc-mantle:0|mode-bridged-usdc-mode:0|morph-l2-bridged-usdc-morph-l2:0|multichain-bridged-usdc-dogechain:0|multichain-bridged-usdc-fantom:0|near-intents-bridged-usdc:0|neonpass-bridged-usdc-neon:0|nomad-bridged-usdc-moonbeam:0|nova-usdc:0|official-arbitrum-bridged-usdc-arbitrum-nova:0|polygon-hermez-bridged-usdc-polygon-zkevm:0|polygon-hermez-bridged-usdc-x-layer:0|q-bridged-usdc-q-mainnet:0|rainbow-bridged-usdc-aurora:0|shido-bridged-usdc:0|sophon-bridged-usdc-sophon:0|superseed-bridged-usdc-superseed:0|synapse-bridged-usdc-elastos:0|taiko-bridged-usdc-taiko:0|thundercore-bridged-usdc-thundercore:0|upside-down-cat:0|usd-coin:7|usd-coin-pulsechain:0|wanchain-bridged-usdc-cardano:0|wormhole-bridged-usdc-fantom:0|zero-network-bridged-usdc-zero-network:0|zksync-bridged-usdc-zksync:0","APPROVE_CURRENT_KRAKEN_PAIR_BRIDGE","usd-coin"
"USDD","USDD","EUR|USD","1","usdd","","usdd","usdd:1","APPROVE_CURRENT_KRAKEN_PAIR_BRIDGE","usdd"
"USDG","USDG","USD|USDC","1","global-dollar","","global-dollar","global-dollar:2","APPROVE_CURRENT_KRAKEN_PAIR_BRIDGE","global-dollar"
"USDQ","USDQ","EUR|USD|USDC|USDT","1","quantoz-usdq","","","quantoz-usdq:0","UNVERIFIED_NO_CURRENT_KRAKEN_PAIR_BRIDGE",""
"USDR","USDR","EUR|USD|USDC|USDT","5","real-usd|ring-usd|stablr-usd|us-diamond-reserve|usdr","","","real-usd:0|ring-usd:0|stablr-usd:0|us-diamond-reserve:0|usdr:0","UNVERIFIED_NO_CURRENT_KRAKEN_PAIR_BRIDGE",""
"USDS","USDS","EUR|USD","2","sperax-usd|usds","","usds","sperax-usd:0|usds:1","APPROVE_CURRENT_KRAKEN_PAIR_BRIDGE","usds"
"USDT","USDT","AUD|CAD|CHF|EUR|GBP|JPY|USD","48","abstract-bridged-usdt-abstract|alcor-ibc-bridged-usdt-wax|areon-bridged-usdt-areon-network|beam-bridged-usdt-beam|bob-network-bridged-usdt-bob-network|bot-chain-bridged-usdt-bot-chain|bridged-tether-fuse|bridged-tether-linea|bridged-tether-manta-pacific|bridged-tether-opbnb|bridged-tether-scroll|bridged-tether-starkgate|bridged-usdt|bridged-usdt-core|celer-bridged-usdt-astar|celer-bridged-usdt-conflux|cronos-bridged-usdt-cronos|eni-bridged-usdt-eni|gnosis-xdai-bridged-usdt-gnosis|hieswap-bridged-usdt-fonchain|injective-bridged-usdt-injective|kaia-bridged-usdt-kaia|krown-bridged-usdt-krown|kub-bridged-usdt-kub|kucoin-bridged-usdt-kucoin-community-chain|l2-standard-bridged-usdt-base|lisk-bridged-usdt|mode-bridged-usdt-mode|morph-l2-bridged-usdt-morph-l2|near-intents-bridged-usdt|nova-tether-usd|osmosis-allusdt|polygon-hermez-bridged-usdt-polygon-zkevm|polygon-hermez-bridged-usdt-x-layer|redbelly-bridged-usdt-redbelly|shimmerbridge-bridged-usdt-shimmerevm|soneium-bridged-usdt-soneium|sonic-bridged-usdt-sonic|sophon-bridged-usdt-sophon|stargate-bridged-usdt|tac-bridged-usdt-tac|tether|tether-pulsechain|tether-usd-wormhole-from-ethereum|thundercore-bridged-usdt-thundercore|unichain-bridged-usdt-unichain|units-network-bridged-usdt-units-network|viction-bridged-usdt","","tether","abstract-bridged-usdt-abstract:0|alcor-ibc-bridged-usdt-wax:0|areon-bridged-usdt-areon-network:0|beam-bridged-usdt-beam:0|bob-network-bridged-usdt-bob-network:0|bot-chain-bridged-usdt-bot-chain:0|bridged-tether-fuse:0|bridged-tether-linea:0|bridged-tether-manta-pacific:0|bridged-tether-opbnb:0|bridged-tether-scroll:0|bridged-tether-starkgate:0|bridged-usdt:0|bridged-usdt-core:0|celer-bridged-usdt-astar:0|celer-bridged-usdt-conflux:0|cronos-bridged-usdt-cronos:0|eni-bridged-usdt-eni:0|gnosis-xdai-bridged-usdt-gnosis:0|hieswap-bridged-usdt-fonchain:0|injective-bridged-usdt-injective:0|kaia-bridged-usdt-kaia:0|krown-bridged-usdt-krown:0|kub-bridged-usdt-kub:0|kucoin-bridged-usdt-kucoin-community-chain:0|l2-standard-bridged-usdt-base:0|lisk-bridged-usdt:0|mode-bridged-usdt-mode:0|morph-l2-bridged-usdt-morph-l2:0|near-intents-bridged-usdt:0|nova-tether-usd:0|osmosis-allusdt:0|polygon-hermez-bridged-usdt-polygon-zkevm:0|polygon-hermez-bridged-usdt-x-layer:0|redbelly-bridged-usdt-redbelly:0|shimmerbridge-bridged-usdt-shimmerevm:0|soneium-bridged-usdt-soneium:0|sonic-bridged-usdt-sonic:0|sophon-bridged-usdt-sophon:0|stargate-bridged-usdt:0|tac-bridged-usdt-tac:0|tether:7|tether-pulsechain:0|tether-usd-wormhole-from-ethereum:0|thundercore-bridged-usdt-thundercore:0|unichain-bridged-usdt-unichain:0|units-network-bridged-usdt-units-network:0|viction-bridged-usdt:0","APPROVE_CURRENT_KRAKEN_PAIR_BRIDGE","tether"
"UST","UST","EUR|USD|USDC|USDT","1","terrausd-wormhole","","","terrausd-wormhole:0","UNVERIFIED_NO_CURRENT_KRAKEN_PAIR_BRIDGE",""
"USUAL","USUAL","EUR|USD","1","usual","","usual","usual:1","APPROVE_CURRENT_KRAKEN_PAIR_BRIDGE","usual"
"VANRY","VANRY","EUR|USD","2","vanar-chain|vanar-chain-2","","vanar-chain","vanar-chain:2|vanar-chain-2:0","APPROVE_CURRENT_KRAKEN_PAIR_BRIDGE","vanar-chain"
"VELODROME","VELODROME","EUR|USD","0","","","","","UNVERIFIED_NO_CURRENT_KRAKEN_PAIR_BRIDGE",""
"VINE","VINE","EUR|USD","2","do-it-for-the-vine|vine","","","do-it-for-the-vine:0|vine:0","UNVERIFIED_NO_CURRENT_KRAKEN_PAIR_BRIDGE",""
"VIRTUAL","VIRTUAL","EUR|USD|USDC|USDT","1","virtual-protocol","","virtual-protocol","virtual-protocol:3","APPROVE_CURRENT_KRAKEN_PAIR_BRIDGE","virtual-protocol"
"VVV","VVV","EUR|USD","1","venice-token","","venice-token","venice-token:2","APPROVE_CURRENT_KRAKEN_PAIR_BRIDGE","venice-token"
"W","W","EUR|USD","5","victorious|w|w-2|w-coin|wormhole","","wormhole","victorious:0|w:0|w-2:0|w-coin:0|wormhole:2","APPROVE_CURRENT_KRAKEN_PAIR_BRIDGE","wormhole"
"WAL","WAL","EUR|USD","1","walrus-2","","walrus-2","walrus-2:1","APPROVE_CURRENT_KRAKEN_PAIR_BRIDGE","walrus-2"
"WAXL","WAXL","EUR|USD","1","wrapped-axelar","","","wrapped-axelar:0","UNVERIFIED_NO_CURRENT_KRAKEN_PAIR_BRIDGE",""
"WBTC","WBTC","EUR|USD|XBT","36","arbitrum-bridged-wbtc-arbitrum-one|bridged-btc-superposition|bridged-wbtc|bridged-wrapped-bitcoin-bob-network|bridged-wrapped-bitcoin-scroll|bridged-wrapped-bitcoin-starkgate|bridged-wrapped-bitcoin-worldchain|celer-bridged-wbtc-conflux|celo-bridged-wbtc-celo|cronos-bridged-wbtc-cronos|cronos-zkevm-bridged-wbtc-cronos-zkevm|etherlink-bridged-wbtc-etherlink|eureka-bridged-wbtc-neutron|eureka-bridged-wbtc-terra|fantom-bridged-wbtc-fantom|fuse-bridged-wbtc-fuse|gnosis-xdai-bridged-wbtc-gnosis-chain|hemi-bridged-wbtc-hemi|linea-bridged-wbtc-linea|lisk-bridged-wbtc-lisk|merlin-chain-bridged-wrapped-btc-merlin|metis-bridged-wbtc-metis-andromeda|mode-bridged-wbtc-mode|multichain-bridged-wbtc-energi|multichain-bridged-wbtc-moonriver|polygon-bridged-wbtc-polygon-pos|polygon-zkevm-bridged-wbtc-polygon-zkevm|rainbow-bridged-wbtc-aurora|rainbow-bridged-wbtc-near-protocol|skale-ima-bridged-wbtc|sui-bridged-wbtc-sui|unichain-bridged-wbtc-unichain-2|wrapped-bitcoin|wrapped-bitcoin-pulsechain|wrapped-btc-wormhole|zksync-bridged-wbtc-zksync","","wrapped-bitcoin","arbitrum-bridged-wbtc-arbitrum-one:0|bridged-btc-superposition:0|bridged-wbtc:0|bridged-wrapped-bitcoin-bob-network:0|bridged-wrapped-bitcoin-scroll:0|bridged-wrapped-bitcoin-starkgate:0|bridged-wrapped-bitcoin-worldchain:0|celer-bridged-wbtc-conflux:0|celo-bridged-wbtc-celo:0|cronos-bridged-wbtc-cronos:0|cronos-zkevm-bridged-wbtc-cronos-zkevm:0|etherlink-bridged-wbtc-etherlink:0|eureka-bridged-wbtc-neutron:0|eureka-bridged-wbtc-terra:0|fantom-bridged-wbtc-fantom:0|fuse-bridged-wbtc-fuse:0|gnosis-xdai-bridged-wbtc-gnosis-chain:0|hemi-bridged-wbtc-hemi:0|linea-bridged-wbtc-linea:0|lisk-bridged-wbtc-lisk:0|merlin-chain-bridged-wrapped-btc-merlin:0|metis-bridged-wbtc-metis-andromeda:0|mode-bridged-wbtc-mode:0|multichain-bridged-wbtc-energi:0|multichain-bridged-wbtc-moonriver:0|polygon-bridged-wbtc-polygon-pos:0|polygon-zkevm-bridged-wbtc-polygon-zkevm:0|rainbow-bridged-wbtc-aurora:0|rainbow-bridged-wbtc-near-protocol:0|skale-ima-bridged-wbtc:0|sui-bridged-wbtc-sui:0|unichain-bridged-wbtc-unichain-2:0|wrapped-bitcoin:2|wrapped-bitcoin-pulsechain:0|wrapped-btc-wormhole:0|zksync-bridged-wbtc-zksync:0","APPROVE_CURRENT_KRAKEN_PAIR_BRIDGE","wrapped-bitcoin"
"WCT","WCT","EUR|USD","1","connect-token-wct","","connect-token-wct","connect-token-wct:2","APPROVE_CURRENT_KRAKEN_PAIR_BRIDGE","connect-token-wct"
"WELL","WELL","EUR|USD","1","moonwell-artemis","","moonwell-artemis","moonwell-artemis:2","APPROVE_CURRENT_KRAKEN_PAIR_BRIDGE","moonwell-artemis"
"WEN","WEN","EUR|USD","4","wen-4|wen-6|wen-lambo-2|wen-token","","","wen-4:0|wen-6:0|wen-lambo-2:0|wen-token:0","UNVERIFIED_NO_CURRENT_KRAKEN_PAIR_BRIDGE",""
"WIF","WIF","EUR|GBP|USD","7","dogwifcoin|dogwifhat-base|dogwifhood|robinwifhat|wif-on-eth|wif-secondchance|world-is-flat","","dogwifcoin","dogwifcoin:3|dogwifhat-base:0|dogwifhood:0|robinwifhat:0|wif-on-eth:0|wif-secondchance:0|world-is-flat:0","APPROVE_CURRENT_KRAKEN_PAIR_BRIDGE","dogwifcoin"
"WIN","WIN","EUR|USD","4","win-2|win-3|wink|winklink-bsc","","","win-2:0|win-3:0|wink:0|winklink-bsc:0","UNVERIFIED_NO_CURRENT_KRAKEN_PAIR_BRIDGE",""
"WLD","WLD","EUR|USD","1","worldcoin-wld","","worldcoin-wld","worldcoin-wld:2","APPROVE_CURRENT_KRAKEN_PAIR_BRIDGE","worldcoin-wld"
"WOO","WOO","EUR|USD","2","woo|woo-network","","woo-network","woo:0|woo-network:2","APPROVE_CURRENT_KRAKEN_PAIR_BRIDGE","woo-network"
"XCN","XCN","EUR|USD","1","chain-2","","chain-2","chain-2:2","APPROVE_CURRENT_KRAKEN_PAIR_BRIDGE","chain-2"
"XETC","ETC","ETH|EUR|USD|XBT","1","ethereum-classic","","ethereum-classic","ethereum-classic:2","APPROVE_CURRENT_KRAKEN_PAIR_BRIDGE","ethereum-classic"
"XETH","ETH","AUD|CAD|CHF|DAI|EUR|GBP|JPY|PYUSD|USD|USDC|USDT|XBT","14","anubis-bridged-eth-anubis|bifrost-bridged-eth-bifrost|bridged-binance-peg-ethereum-opbnb|bridged-wrapped-ether-eclipse|bridged-wrapped-ether-starkgate|ethereum|ethereum-wormhole|immutable-zkevm-bridged-eth|krown-bridged-eth-krown|near-intents-bridged-eth|nova-eth|osmosis-alleth|the-infinite-garden|the-ticker-is-eth","","ethereum","anubis-bridged-eth-anubis:0|bifrost-bridged-eth-bifrost:0|bridged-binance-peg-ethereum-opbnb:0|bridged-wrapped-ether-eclipse:0|bridged-wrapped-ether-starkgate:0|ethereum:10|ethereum-wormhole:0|immutable-zkevm-bridged-eth:0|krown-bridged-eth-krown:0|near-intents-bridged-eth:0|nova-eth:0|osmosis-alleth:0|the-infinite-garden:0|the-ticker-is-eth:0","APPROVE_CURRENT_KRAKEN_PAIR_BRIDGE","ethereum"
"XLTC","LTC","AUD|ETH|EUR|GBP|JPY|USD|USDC|USDT|XBT","2","binance-peg-litecoin|litecoin","","litecoin","binance-peg-litecoin:0|litecoin:8","APPROVE_CURRENT_KRAKEN_PAIR_BRIDGE","litecoin"
"XMLN","MLN","EUR|USD|XBT","1","melon","","melon","melon:2","APPROVE_CURRENT_KRAKEN_PAIR_BRIDGE","melon"
"XREP","REP","USD","1","augur","","","augur:0","UNVERIFIED_NO_CURRENT_KRAKEN_PAIR_BRIDGE",""
"XRT","XRT","EUR|USD","2","robonomics-network|robonomics-network-2","","","robonomics-network:0|robonomics-network-2:0","UNVERIFIED_NO_CURRENT_KRAKEN_PAIR_BRIDGE",""
"XTZ","XTZ","EUR|USD|USDC|USDT","2","binance-peg-tezos-token|tezos","","tezos","binance-peg-tezos-token:0|tezos:3","APPROVE_CURRENT_KRAKEN_PAIR_BRIDGE","tezos"
"XXBT","XBT","AUD|CAD|CHF|DAI|EUR|GBP|JPY|PYUSD|USD|USDC|USDQ|USDR|USDT","1","xbt","","","xbt:0","UNVERIFIED_NO_CURRENT_KRAKEN_PAIR_BRIDGE",""
"XXDG","XDG","AUD|CAD|EUR|GBP|USD|USDC|USDT|XBT","0","","","","","UNVERIFIED_NO_CURRENT_KRAKEN_PAIR_BRIDGE",""
"XXLM","XLM","EUR|GBP|USD|XBT","1","stellar","","stellar","stellar:3","APPROVE_CURRENT_KRAKEN_PAIR_BRIDGE","stellar"
"XXMR","XMR","EUR|USD|USDC|USDT|XBT","1","monero","","monero","monero:4","APPROVE_CURRENT_KRAKEN_PAIR_BRIDGE","monero"
"XXRP","XRP","AUD|CAD|ETH|EUR|GBP|RLUSD|USD|USDC|USDT|XBT","5","binance-peg-xrp|harrypotterobamapacman8inu|near-intents-bridged-xrp|ripple|warioxrpdumbledoreyugioh69inu","","ripple","binance-peg-xrp:0|harrypotterobamapacman8inu:0|near-intents-bridged-xrp:0|ripple:7|warioxrpdumbledoreyugioh69inu:0","APPROVE_CURRENT_KRAKEN_PAIR_BRIDGE","ripple"
"XZEC","ZEC","EUR|USD","4","binance-peg-zcash-token|near-intents-bridged-zec|omnibridge-bridged-zcash-solana|zcash","","zcash","binance-peg-zcash-token:0|near-intents-bridged-zec:0|omnibridge-bridged-zcash-solana:0|zcash:2","APPROVE_CURRENT_KRAKEN_PAIR_BRIDGE","zcash"
"YFI","YFI","EUR|USD","2","yearn-finance|yfi","","yearn-finance","yearn-finance:2|yfi:0","APPROVE_CURRENT_KRAKEN_PAIR_BRIDGE","yearn-finance"
"YGG","YGG","EUR|USD","1","yield-guild-games","","","yield-guild-games:0","UNVERIFIED_NO_CURRENT_KRAKEN_PAIR_BRIDGE",""
"ZAUD","AUD","JPY|USD","0","","","","","UNVERIFIED_NO_CURRENT_KRAKEN_PAIR_BRIDGE",""
"ZEREBRO","ZEREBRO","EUR|USD","1","zerebro","","zerebro","zerebro:2","APPROVE_CURRENT_KRAKEN_PAIR_BRIDGE","zerebro"
"ZETA","ZETA","EUR|USD","2","zetachain|zeta-global-holdings-corp-robinhood-token","","zetachain","zetachain:2|zeta-global-holdings-corp-robinhood-token:0","APPROVE_CURRENT_KRAKEN_PAIR_BRIDGE","zetachain"
"ZEUR","EUR","AUD|CAD|CHF|GBP|JPY|USD","0","","","","","UNVERIFIED_NO_CURRENT_KRAKEN_PAIR_BRIDGE",""
"ZEUS","ZEUS","EUR|USD","7","ansems-dog|pepes-dog|zeus-3|zeus-4|zeus-ai|zeus-network|zeuspepesdog","","zeus-network","ansems-dog:0|pepes-dog:0|zeus-3:0|zeus-4:0|zeus-ai:0|zeus-network:2|zeuspepesdog:0","APPROVE_CURRENT_KRAKEN_PAIR_BRIDGE","zeus-network"
"ZEX","ZEX","EUR|USD","1","zeta","","zeta","zeta:2","APPROVE_CURRENT_KRAKEN_PAIR_BRIDGE","zeta"
"ZGBP","GBP","USD","0","","","","","UNVERIFIED_NO_CURRENT_KRAKEN_PAIR_BRIDGE",""
"ZK","ZK","EUR|USD","1","zksync","","zksync","zksync:1","APPROVE_CURRENT_KRAKEN_PAIR_BRIDGE","zksync"
"ZORA","ZORA","EUR|USD","1","zora","","zora","zora:1","APPROVE_CURRENT_KRAKEN_PAIR_BRIDGE","zora"
"ZRO","ZRO","EUR|USD","1","layerzero","","layerzero","layerzero:2","APPROVE_CURRENT_KRAKEN_PAIR_BRIDGE","layerzero"
"ZRX","ZRX","EUR|USD|XBT","1","0x","","0x","0x:2","APPROVE_CURRENT_KRAKEN_PAIR_BRIDGE","0x"
"ZUSD","USD","CAD|CHF|JPY","2","turbousd-unstablecoin|unstable-states-dollar","","","turbousd-unstablecoin:0|unstable-states-dollar:0","UNVERIFIED_NO_CURRENT_KRAKEN_PAIR_BRIDGE",""
