"archive_file","archive_sha256","entry_count","rows_scanned","malformed_field_count_rows","strict_utf8_invalid_rows","strict_utf8_invalid_fields","allnames_utf8_invalid_rows","critical_field_utf8_invalid_rows","noncritical_only_utf8_invalid_rows","field_count_distribution","status"
"20250401091500.gkg.csv.zip","be8843732f932c4cd257cb2ee4b27cade6e2b57efbfc2d27964c034f1f44c84b","1","1288","0","1","1","0","0","1","27:1288","PASS_NONCRITICAL_UTF8_ONLY"
"20250401100000.gkg.csv.zip","d1b213a80c55df7a58006d0db75376040b18e136643c32993a3c4dbf41932b6a","1","1274","0","1","1","0","0","1","27:1274","PASS_NONCRITICAL_UTF8_ONLY"
"20250401133000.gkg.csv.zip","773561b7fb3a2f8825f7706affba2d67bc65c203c0a6e01f79a49555a97488c7","1","1664","0","1","1","0","0","1","27:1664","PASS_NONCRITICAL_UTF8_ONLY"
"20250401150000.gkg.csv.zip","0ffa652ba163eeb9146143e3752fdef95a61cf8cafd181b693b8ab9958862fd5","1","2173","0","1","1","0","0","1","27:2173","PASS_NONCRITICAL_UTF8_ONLY"
"20250401151500.gkg.csv.zip","bdfd173d3afc43b61cbcdd1a5d5bad5e90759653ca8213f21f05544255973355","1","2158","0","1","1","0","0","1","27:2158","PASS_NONCRITICAL_UTF8_ONLY"
"20250401180000.gkg.csv.zip","b45c27ff0147be6cb62fb50cbb2aa5a64bfd3c249916e76acc78d960f7e4eaf7","1","2198","0","1","1","0","0","1","27:2198","PASS_NONCRITICAL_UTF8_ONLY"
"20250401193000.gkg.csv.zip","70716e93c3b27ecebe40698bf8fab5f42c7e577f059fc6c3de4053338e40fe4d","1","2332","0","3","3","0","0","3","27:2332","PASS_NONCRITICAL_UTF8_ONLY"
"20250401224500.gkg.csv.zip","6b8e217d1ed0b4784e0a2b530a0c2e904f59ed767178aa31434b05af335d0f11","1","1461","0","1","1","0","0","1","27:1461","PASS_NONCRITICAL_UTF8_ONLY"
"20250403191500.gkg.csv.zip","90cbeead9c15b35bc18d364ef650f72b4289cbf7025610df13981ac51b85e5b4","1","1983","0","1","1","0","0","1","27:1983","PASS_NONCRITICAL_UTF8_ONLY"
"20250403213000.gkg.csv.zip","13df1cfd5a46a793d8a98ca231c9780e309d5db5d21a74543f9b62ed81c46662","1","2147","0","1","1","0","0","1","27:2147","PASS_NONCRITICAL_UTF8_ONLY"
"20250404001500.gkg.csv.zip","99cc713ef9c7751edea5b8d952ca9eb199eb9f058f2848dc09795ac1ace62678","1","1748","0","1","1","0","0","1","27:1748","PASS_NONCRITICAL_UTF8_ONLY"
"20250404083000.gkg.csv.zip","873abbeda21f780c8dae4de50490fc2f6326df5ecd20293258de7a2584aea800","1","1208","0","1","1","0","0","1","27:1208","PASS_NONCRITICAL_UTF8_ONLY"
"20250404090000.gkg.csv.zip","e706cdfa19309534c2fbd50a0d7e25053fe71e95172e2b5b4ea6cfdf4ff7b9e0","1","1331","0","1","1","0","0","1","27:1331","PASS_NONCRITICAL_UTF8_ONLY"
"20250404130000.gkg.csv.zip","c49573b530162c729e7c074e1d0741199737d3b0acddf4bc398142c278c44259","1","1489","0","1","1","0","0","1","27:1489","PASS_NONCRITICAL_UTF8_ONLY"
"20250405043000.gkg.csv.zip","a982bfed6c977fcaa7e34731921532dcb013e948ed5a1b72ae8e0616028c3158","1","1028","0","1","1","0","0","1","27:1028","PASS_NONCRITICAL_UTF8_ONLY"
"20250405051500.gkg.csv.zip","bb4d265fceb100f8d68200cb45f38d13543bcac314f4f8fd489fa5d99a32e438","1","806","0","1","1","0","0","1","27:806","PASS_NONCRITICAL_UTF8_ONLY"
"20250405060000.gkg.csv.zip","ebb9d7ae7d42f7299d95a9ab7e5e8170d0693532fae74daeccbc1de7acc17164","1","822","1","0","0","0","0","0","1:1|27:821","FAIL_RAW_FIELD_COUNT"
"20250406140000.gkg.csv.zip","33a6a3fdd3cde0052f9ecb06f9c0f1d448a2e0355c7eac8b82c0ca59b00cfa43","1","904","0","1","1","0","0","1","27:904","PASS_NONCRITICAL_UTF8_ONLY"
"20250406231500.gkg.csv.zip","0ba5ffc3929958f741e044af3a62933b05321b5e6fcdaae4f565457a3d52ca41","1","914","0","1","1","0","0","1","27:914","PASS_NONCRITICAL_UTF8_ONLY"
"20250407083000.gkg.csv.zip","7f5b39456fd9d730e29fb3e37c9aabc75d84b293b875ac3b2a8107f880a3ef20","1","1020","0","1","1","0","0","1","27:1020","PASS_NONCRITICAL_UTF8_ONLY"
"20250407130000.gkg.csv.zip","661c81e464ba4aabab14fbd12f8863413e24287e12f75ef0467647196af1c0fe","1","1693","0","1","1","0","0","1","27:1693","PASS_NONCRITICAL_UTF8_ONLY"
"20250407201500.gkg.csv.zip","2392ad875024ce506f7e70735068518ab884e580166060537e58c127459f679f","1","1651","0","1","1","0","0","1","27:1651","PASS_NONCRITICAL_UTF8_ONLY"
"20250408221500.gkg.csv.zip","b846e07c4c08257030b50b802d93f358858a9a37fd6b0dfcb09a2a3a38e8af20","1","1897","0","1","1","0","0","1","27:1897","PASS_NONCRITICAL_UTF8_ONLY"
"20250409200000.gkg.csv.zip","9120f136cb1d1231912bd998c56e0795897a1a8970469c0ed8d5f78413bc08fe","1","1847","0","1","1","0","0","1","27:1847","PASS_NONCRITICAL_UTF8_ONLY"
"20250409204500.gkg.csv.zip","95089db53ae228239da01fc3a061780654e30e0bd4e142bb856d8960fc65e6e2","1","1809","0","1","1","0","0","1","27:1809","PASS_NONCRITICAL_UTF8_ONLY"
"20250410094500.gkg.csv.zip","461172e0cd53b4f8f8b5ec07d0d16dd8290dfb0c5aa08bac92f0a9aba172064b","1","1464","0","1","1","0","0","1","27:1464","PASS_NONCRITICAL_UTF8_ONLY"
"20250410111500.gkg.csv.zip","0fd7c00a7a5a027812a51ee89d437353a09d476bcea4cd70ff7a2b8f6c3391db","1","1631","0","1","1","0","0","1","27:1631","PASS_NONCRITICAL_UTF8_ONLY"
"20250410191500.gkg.csv.zip","0631f0c9111d511cbfde5dc2278fad3701095c8d460058adab0c713987a6c75a","1","2231","1","0","0","0","0","0","1:1|27:2230","FAIL_RAW_FIELD_COUNT"
"20250411113000.gkg.csv.zip","09afcb8d2742ba89b88c9161800d5c146cff94ff1543b552978f4c8ac992ad2f","1","1631","0","1","1","0","0","1","27:1631","PASS_NONCRITICAL_UTF8_ONLY"
"20250411134500.gkg.csv.zip","78bffa76801b5fa70c6abeffcb08db3e343dd1a894d46a15549c6e36331b94d8","1","1663","0","1","1","0","0","1","27:1663","PASS_NONCRITICAL_UTF8_ONLY"
"20250414104500.gkg.csv.zip","dd2dbbb7e7821fb507e3f76a694a513866cde9491d0d437f1e206d2ec670ccf0","1","1206","0","1","1","0","0","1","27:1206","PASS_NONCRITICAL_UTF8_ONLY"
"20250414180000.gkg.csv.zip","b128333f2974e5913cf1d686a0173afae086da0387918e07ab3b24f3c8e680fd","1","1882","0","1","1","0","0","1","27:1882","PASS_NONCRITICAL_UTF8_ONLY"
"20250415040000.gkg.csv.zip","427550cb4243b6b4ca0f8bba7e2c7dd645f3d20167a389b56205b4b4cfae47b2","1","1056","0","1","1","0","0","1","27:1056","PASS_NONCRITICAL_UTF8_ONLY"
"20250415060000.gkg.csv.zip","9f73358a269d2029945536d74efef960e2554aa94665bbb7f3e470e7c5a96a39","1","1143","0","1","1","0","0","1","27:1143","PASS_NONCRITICAL_UTF8_ONLY"
"20250415174500.gkg.csv.zip","c5a8c40f87927bca583a36aea959a54cfe9c7809df953b5ff3cead4cf4c73c82","1","2250","0","1","1","0","0","1","27:2250","PASS_NONCRITICAL_UTF8_ONLY"
"20250415190000.gkg.csv.zip","bc24848c29e587a6067f99dc437be6a6c48fdc192ddc580ee41edca9bcfbed24","1","1903","0","1","1","0","0","1","27:1903","PASS_NONCRITICAL_UTF8_ONLY"
"20250417073000.gkg.csv.zip","2cd545b68c5030a8966f329e62be38c3624a688848c241b56efb4045ac31a0ca","1","1412","0","1","1","0","0","1","27:1412","PASS_NONCRITICAL_UTF8_ONLY"
"20250417111500.gkg.csv.zip","f867d0190dbb07b96c056a9774b1d3ea113b7cde55ec0e0b48616be3a0a7696d","1","1424","0","1","1","0","0","1","27:1424","PASS_NONCRITICAL_UTF8_ONLY"
"20250417210000.gkg.csv.zip","16f4eec1ff9dd9f02bed2191d6705498903a5d1b43d6dff54c649cf07c5556fc","1","1805","2","0","0","0","0","0","1:2|27:1803","FAIL_RAW_FIELD_COUNT"
"20250418090000.gkg.csv.zip","b8d5e66802e076addb4573fda8190c4e43ae354d23f2349759ad3248cc27fd21","1","938","0","1","1","0","0","1","27:938","PASS_NONCRITICAL_UTF8_ONLY"
"20250418164500.gkg.csv.zip","87dffe7f2ec22ac9705f3cd6fcbb96da3d55b79788e00ccaaf32a596cf1ec55b","1","1766","0","1","1","0","0","1","27:1766","PASS_NONCRITICAL_UTF8_ONLY"
"20250420003000.gkg.csv.zip","586a14ae4fa2146c946472ca122039889252b420b32ea7b0eb62e076dd238b6c","1","615","0","1","1","0","0","1","27:615","PASS_NONCRITICAL_UTF8_ONLY"
"20250420034500.gkg.csv.zip","5fec96abdcd5b08b10db81e0af403064a33f2ac5d8ad2f580b771a6777b4ef19","1","606","0","1","1","0","0","1","27:606","PASS_NONCRITICAL_UTF8_ONLY"
"20250420100000.gkg.csv.zip","584d6c8e72a281fd75a1a3bf0585967f7413899293bd096dc668edf81ecd4c28","1","643","0","1","1","0","0","1","27:643","PASS_NONCRITICAL_UTF8_ONLY"
"20250421013000.gkg.csv.zip","05fecc4921e527da2717bc9126fff5de0a03a3f7b35be81cdb76bc5cade64deb","1","827","0","1","1","0","0","1","27:827","PASS_NONCRITICAL_UTF8_ONLY"
"20250421093000.gkg.csv.zip","1bd607b39d6bc2c52b78e2b84572f3cddbb699347424c309daa1f706e458502a","1","1164","0","1","1","0","0","1","27:1164","PASS_NONCRITICAL_UTF8_ONLY"
"20250421103000.gkg.csv.zip","fc7d755128169da5059077c0e8c7e5f458afe7b168976c0453cbda25dd0bd18d","1","1504","0","1","1","0","0","1","27:1504","PASS_NONCRITICAL_UTF8_ONLY"
"20250421150000.gkg.csv.zip","72f7e7033f02f79839d471319d83bdb7e8a71fbecb480ba167b8dbde7c725b88","1","1756","0","1","1","0","0","1","27:1756","PASS_NONCRITICAL_UTF8_ONLY"
"20250422114500.gkg.csv.zip","322bc43cc122059c9d64bb32568cb649014003eef7915c583c49f986e6976009","1","1575","0","1","1","0","0","1","27:1575","PASS_NONCRITICAL_UTF8_ONLY"
"20250423181500.gkg.csv.zip","b7893ae22ba7c8ffce52d8847960e2f05a5eaa6328efc9b7434b5219e2932f60","1","2111","0","2","2","0","0","2","27:2111","PASS_NONCRITICAL_UTF8_ONLY"
"20250424014500.gkg.csv.zip","3adbf77bf4e237f34c7228b937cf3450f1ca9911bd3c81f960dab5745ae80d46","1","1215","0","1","1","0","0","1","27:1215","PASS_NONCRITICAL_UTF8_ONLY"
"20250424090000.gkg.csv.zip","9f91208923fc3d3ab68d47e3d550bacec059be268c38bc10a50da397b0ba890a","1","1289","0","1","1","0","0","1","27:1289","PASS_NONCRITICAL_UTF8_ONLY"
"20250424223000.gkg.csv.zip","d13297f8806a5bfc3ad06716b67c45c16a17a6f0b945c5d37ae0a4ff358a7357","1","1648","0","1","1","0","0","1","27:1648","PASS_NONCRITICAL_UTF8_ONLY"
"20250426204500.gkg.csv.zip","701a5aa97289173fd2fc8ecb2f1706a23f369e88faefd1c0d1dd2e4781c14403","1","766","0","1","1","0","0","1","27:766","PASS_NONCRITICAL_UTF8_ONLY"
"20250428131500.gkg.csv.zip","a329e59709629563eede8987ee6ff25c86e59e1414bb5ee1d9226e5c3893a808","1","1540","0","1","1","0","0","1","27:1540","PASS_NONCRITICAL_UTF8_ONLY"
"20250428163000.gkg.csv.zip","83548dfc37dda09e52f7de0241e2cc7018f585ed413fc207a3876786092e6af1","1","1936","0","1","1","0","0","1","27:1936","PASS_NONCRITICAL_UTF8_ONLY"
"20250429111500.gkg.csv.zip","30a9eb9351beca2d83208309fbac6ba5d4f126a60a9a14404528321cd6c76713","1","1543","0","1","1","0","0","1","27:1543","PASS_NONCRITICAL_UTF8_ONLY"
"20250429160000.gkg.csv.zip","affe0158f822469c834059f9589ea9fe12f016a0cc80f5b32a2faa26b26b029e","1","2454","0","1","1","0","0","1","27:2454","PASS_NONCRITICAL_UTF8_ONLY"
"20250430184500.gkg.csv.zip","37840b7a81e1a9b8d0de2873018067bc70b006226296dacdfa605aacc5cacec6","1","2663","1","0","0","0","0","0","1:1|27:2662","FAIL_RAW_FIELD_COUNT"
"20250501150000.gkg.csv.zip","bcd35be5b5dc315311afd34d53abeb976c856249929dc071b99b30898492d83d","1","1838","0","2","2","0","0","2","27:1838","PASS_NONCRITICAL_UTF8_ONLY"
"20250502013000.gkg.csv.zip","9f81cdb6efbe8e7653365a3e7fe4ae427f34b7af4963509fcdd2a731ff223807","1","1305","0","1","1","0","0","1","27:1305","PASS_NONCRITICAL_UTF8_ONLY"
"20250502023000.gkg.csv.zip","e679352401de786339683e3a5e24237d17eeb43456662b6fd3f2a320d78244ff","1","986","0","1","1","0","0","1","27:986","PASS_NONCRITICAL_UTF8_ONLY"
"20250502093000.gkg.csv.zip","0c4d119507b397eeb2e9b4efecff639c9fb06b577ec8300c142a60709b70ec46","1","988","0","1","1","0","0","1","27:988","PASS_NONCRITICAL_UTF8_ONLY"
"20250502104500.gkg.csv.zip","97a6a53a4af2596ff31b1b7bf21558a1cf73f06af0c90f437adc8dfbcc10bb2e","1","1186","0","1","1","0","0","1","27:1186","PASS_NONCRITICAL_UTF8_ONLY"
"20250502110000.gkg.csv.zip","e85cbd5d939952d16c61a4a452e1becd0708628e87ae0be7128950ff113ac3db","1","1246","0","1","1","0","0","1","27:1246","PASS_NONCRITICAL_UTF8_ONLY"
"20250502170000.gkg.csv.zip","7be20374c63db8e53f2447fa31c2095f27adbc73428ec238131fc7c85e924362","1","1854","0","1","1","0","0","1","27:1854","PASS_NONCRITICAL_UTF8_ONLY"
"20250504094500.gkg.csv.zip","46e880ea80e77941cff9f81777a39ee54742bc55fe82ea711bb8c91f5b43de5f","1","667","0","1","1","0","0","1","27:667","PASS_NONCRITICAL_UTF8_ONLY"
"20250506044500.gkg.csv.zip","145e57ccd565ebec1387477bc0f4e63b3fc93f8df6f41f7a8478add2450bdb73","1","1020","0","1","1","0","0","1","27:1020","PASS_NONCRITICAL_UTF8_ONLY"
"20250507003000.gkg.csv.zip","769f37ebc25fc50f1cd79869d3f6c035e596b0b9c06c6f8f01e2b861cb6480f4","1","1260","0","1","1","0","0","1","27:1260","PASS_NONCRITICAL_UTF8_ONLY"
"20250507031500.gkg.csv.zip","263cebd1ab198d5a45c49013a7444119e22443470ec33794d31634703eb72792","1","1215","0","1","1","0","0","1","27:1215","PASS_NONCRITICAL_UTF8_ONLY"
"20250508104500.gkg.csv.zip","835e97f5371edf82ec73c55983b2456a8d940ee5cd553f4393ae90a13de093d9","1","1436","0","1","1","0","0","1","27:1436","PASS_NONCRITICAL_UTF8_ONLY"
"20250509080000.gkg.csv.zip","8f124753f2f1aec67b5afef7876ce6fd297026415131adcfa362c866e8a9dbfc","1","1148","0","1","1","0","0","1","27:1148","PASS_NONCRITICAL_UTF8_ONLY"
"20250509124500.gkg.csv.zip","57aa03f65239debdc00fdd0447248b085ac56612f0d256f87480db4978c294b5","1","1624","0","2","2","0","0","2","27:1624","PASS_NONCRITICAL_UTF8_ONLY"
"20250509131500.gkg.csv.zip","8bf9632e3c831dfb31f48c170280aa6e9c1456b3b3a78dc7b1017ac5a1807aac","1","1475","0","1","1","0","0","1","27:1475","PASS_NONCRITICAL_UTF8_ONLY"
"20250509163000.gkg.csv.zip","10d902d43fc80bc11462d8b983d41c39802a5634a929c96f20b9191d9a02ed58","1","1887","0","1","1","0","0","1","27:1887","PASS_NONCRITICAL_UTF8_ONLY"
"20250510004500.gkg.csv.zip","68bf2119976b0b30bae3a633565003dea15defbe3f7c2f46aafd7f1550627d6f","1","1068","0","1","1","0","0","1","27:1068","PASS_NONCRITICAL_UTF8_ONLY"
"20250512113000.gkg.csv.zip","11d31b08719be9b8a4c514027f1a905f975de7b724c77924e1fe9dd1df4dc1aa","1","1370","0","1","1","0","0","1","27:1370","PASS_NONCRITICAL_UTF8_ONLY"
"20250512164500.gkg.csv.zip","1ee84403a469b4033c8b77efff46c1ef830c28961f49c2f77c423279a6c59896","1","1955","0","1","1","0","0","1","27:1955","PASS_NONCRITICAL_UTF8_ONLY"
"20250513001500.gkg.csv.zip","977d5268dbb1ca0efaabe8b52813f0e7f46352459c160ce71d92509ac5c500c3","1","1226","0","1","1","0","0","1","27:1226","PASS_NONCRITICAL_UTF8_ONLY"
"20250513021500.gkg.csv.zip","730f8bae9bd8633004241e19d01db2c20069e24e104be3dabb7d27e7c0db3066","1","1113","0","1","1","0","0","1","27:1113","PASS_NONCRITICAL_UTF8_ONLY"
"20250513154500.gkg.csv.zip","41e46e117f7392ba37c3e8b9e3bc109eac446970616a9711386b618f8ac92fa2","1","2736","0","1","1","0","0","1","27:2736","PASS_NONCRITICAL_UTF8_ONLY"
"20250513200000.gkg.csv.zip","7004329021e425c62aa4e8c49404aca9c27e4018e5a1c63961b8a31ebd60e674","1","2168","0","1","1","0","0","1","27:2168","PASS_NONCRITICAL_UTF8_ONLY"
"20250514011500.gkg.csv.zip","c61670c50df736c2dba4d3bc28ff3fbf717b62d6e70cf10d44c664ac1bac06e3","1","1270","0","1","1","0","0","1","27:1270","PASS_NONCRITICAL_UTF8_ONLY"
"20250514090000.gkg.csv.zip","94ab8743387d41e93511fb14cc1dd0e3998621b857b4a46f4b631851b6087acc","1","1002","0","1","1","0","0","1","27:1002","PASS_NONCRITICAL_UTF8_ONLY"
"20250515004500.gkg.csv.zip","d6e671e4d818286d14df35909d66b5d36df54ca58d5765a28a46378c80d87060","1","1504","0","1","1","0","0","1","27:1504","PASS_NONCRITICAL_UTF8_ONLY"
"20250516014500.gkg.csv.zip","7d29aa653a7dc9268a8cf67c3e81b9139826ac040751123516d62d3a9e68d7f0","1","1370","0","1","1","0","0","1","27:1370","PASS_NONCRITICAL_UTF8_ONLY"
"20250516041500.gkg.csv.zip","3ff342a2619e6cf2450f2c27ad5751fd6efbcb7527f330c05d35f06fb9948935","1","1000","0","1","1","0","0","1","27:1000","PASS_NONCRITICAL_UTF8_ONLY"
"20250516043000.gkg.csv.zip","1ebdd159e1120fe3458b5de5ea33efe6d0403a2e768bd9a6f7e89e80296f64c4","1","1243","0","2","2","0","0","2","27:1243","PASS_NONCRITICAL_UTF8_ONLY"
"20250516164500.gkg.csv.zip","c78c67168bbb105eadf6c182b36ed9459a9ba0c47d931fa33cae2343d280a1ed","1","1622","0","1","1","0","0","1","27:1622","PASS_NONCRITICAL_UTF8_ONLY"
"20250518041500.gkg.csv.zip","c443977106906e2f2cdc78073cbe93716e2c3870b01b74a4722a8c8b9ae08a0c","1","470","0","1","1","0","0","1","27:470","PASS_NONCRITICAL_UTF8_ONLY"
"20250519153000.gkg.csv.zip","78f71b5d8a2662a3746c45878287c34f06aa62a41cbd1a3fd8a5f3506f8823b1","1","1796","0","1","1","0","0","1","27:1796","PASS_NONCRITICAL_UTF8_ONLY"
"20250519194500.gkg.csv.zip","fa596bfb094ce1f312eaa87fc10d57cfd5a2afb06963e9a43262c8a27332ad3e","1","1841","0","1","1","0","0","1","27:1841","PASS_NONCRITICAL_UTF8_ONLY"
"20250520041500.gkg.csv.zip","1e58b5c5dfa6a3e26dc46377f2315c346ef9468c37e3837d013efc5086c3b7c8","1","981","0","1","1","0","0","1","27:981","PASS_NONCRITICAL_UTF8_ONLY"
"20250521091500.gkg.csv.zip","b28e0882f8d1b960c91dd4dd9fd157a7ed0b8c60f63ba809af31a87727d8769a","1","1290","0","1","1","0","0","1","27:1290","PASS_NONCRITICAL_UTF8_ONLY"
"20250521111500.gkg.csv.zip","f34aa8fe54652c7d2965433effb551df3fa9b1fc708c8c50b0b6856d7939e2a9","1","1248","0","1","1","0","0","1","27:1248","PASS_NONCRITICAL_UTF8_ONLY"
"20250521154500.gkg.csv.zip","e81cbda2abf5d21ce21a8eb88723f71aea52d85d4423403bdc87d2b5466ee81b","1","2141","0","1","1","0","0","1","27:2141","PASS_NONCRITICAL_UTF8_ONLY"
"20250521200000.gkg.csv.zip","b5b0e56adcd90359e81eda20cf7609b978a0ed3a5198e087851151d4444d052b","1","1878","0","1","1","0","0","1","27:1878","PASS_NONCRITICAL_UTF8_ONLY"
"20250523140000.gkg.csv.zip","6d4013cb77e12ff66f6612c7b2998da648e836352118e8551a5cc29f09e5bb1f","1","1551","0","1","1","0","0","1","27:1551","PASS_NONCRITICAL_UTF8_ONLY"
"20250523154500.gkg.csv.zip","d2ea06fdce346e9761840098e0d52f01e29b498be38bf180b8242ab21d455bc7","1","2162","0","1","1","0","0","1","27:2162","PASS_NONCRITICAL_UTF8_ONLY"
"20250523220000.gkg.csv.zip","58bb5127d733a4bde5444753a857fc8d94c5c2cd9a97dcadb6be39151f2e5397","1","1309","0","1","1","0","0","1","27:1309","PASS_NONCRITICAL_UTF8_ONLY"
"20250524103000.gkg.csv.zip","ca0fa70a49bfd2bbe12b32ee18c5f8e034eb48b028e45a6f6890d351c4149a18","1","786","0","1","1","0","0","1","27:786","PASS_NONCRITICAL_UTF8_ONLY"
"20250526123000.gkg.csv.zip","ad8507e0983a597b7854b950304e72ea844fdd6df95c2e1ffcd21100f3488d53","1","891","0","1","1","0","0","1","27:891","PASS_NONCRITICAL_UTF8_ONLY"
"20250526150000.gkg.csv.zip","0a078631d52be4cb0ba1a41a1dfa3f4097222c06ab82980c988b8f7374d72006","1","1336","0","1","1","0","0","1","27:1336","PASS_NONCRITICAL_UTF8_ONLY"
"20250527093000.gkg.csv.zip","e11d7e39527ff0c6116f7fbf2ff9dc6fa13306b6f10d9c3e2a3d2283f0dc76ee","1","1024","0","1","1","0","0","1","27:1024","PASS_NONCRITICAL_UTF8_ONLY"
"20250527141500.gkg.csv.zip","b06a93a1d41b0e80e12445fd74b23e24fcea93ba4dc63c361aacb183cf1ee459","1","1728","0","1","1","0","0","1","27:1728","PASS_NONCRITICAL_UTF8_ONLY"
"20250527184500.gkg.csv.zip","2c0233492efa7792acb1f6abd0353bf9f68aa949463c08effbc818358e9ce59d","1","1917","0","2","2","0","0","2","27:1917","PASS_NONCRITICAL_UTF8_ONLY"
"20250528140000.gkg.csv.zip","06e5747eb70cc5b1ab054eddb87a6ce1a6b4abf4f15bb779057a913cda61da77","1","1506","0","1","1","0","0","1","27:1506","PASS_NONCRITICAL_UTF8_ONLY"
"20250529133000.gkg.csv.zip","646ab2ccc98e0ddb70ec3308bcb14572fb57dd853474572cdcc77bdccafa5d0f","1","1836","0","1","1","0","0","1","27:1836","PASS_NONCRITICAL_UTF8_ONLY"
"20250529181500.gkg.csv.zip","7aa7c58df0a0afa496b8ab7a72f71554958ff033e4548665d5f34fd67a318a71","1","2672","0","1","1","0","0","1","27:2672","PASS_NONCRITICAL_UTF8_ONLY"
"20250531081500.gkg.csv.zip","67cdae94581090e4d9d7a4cfb3d878d030eea218352e833eccddb6ea7d8e66cd","1","605","0","2","2","0","0","2","27:605","PASS_NONCRITICAL_UTF8_ONLY"
"20250602104500.gkg.csv.zip","d9fe9255b4f1c867d5777d0f49b36ea08b196d6f5d3a3ecdfcb32523e173630b","1","1217","0","1","1","0","0","1","27:1217","PASS_NONCRITICAL_UTF8_ONLY"
"20250603020000.gkg.csv.zip","6ee698d36ae9d9bde0194a1ee553c71d2c2ab202f8f9ddfd244f32b08f9dedfc","1","1219","0","1","1","0","0","1","27:1219","PASS_NONCRITICAL_UTF8_ONLY"
"20250603051500.gkg.csv.zip","fb8cb4fff7ec7dc7ee45fe717e37e268b6f17d3bead7bfe467d0beef4147626b","1","990","0","1","1","0","0","1","27:990","PASS_NONCRITICAL_UTF8_ONLY"
"20250604034500.gkg.csv.zip","7113c6664709d4001962d64f3ded9bd0295892f70d41afc25d9d6e8624a80554","1","933","0","4","4","0","0","4","27:933","PASS_NONCRITICAL_UTF8_ONLY"
"20250605023000.gkg.csv.zip","65a637a15d476e12c00b4406739f9e67948dec29642e7dbc4311d1a701a1f53d","1","1248","0","1","1","0","0","1","27:1248","PASS_NONCRITICAL_UTF8_ONLY"
"20250605034500.gkg.csv.zip","e32f1c8682b1911f10152815606ee90708bf132b8d63c6ccd4d8ac356335faaf","1","1018","0","1","1","0","0","1","27:1018","PASS_NONCRITICAL_UTF8_ONLY"
"20250605111500.gkg.csv.zip","8763c97c3a9bbff702fee86d2ec2426e4f5ace5700445a5277ca77a4484430c8","1","1320","0","1","1","0","0","1","27:1320","PASS_NONCRITICAL_UTF8_ONLY"
"20250605203000.gkg.csv.zip","2883ef575344d232e486f241be2e525d25c33c302e41c2261cac71c3c73ddca1","1","1765","0","1","1","0","0","1","27:1765","PASS_NONCRITICAL_UTF8_ONLY"
"20250606074500.gkg.csv.zip","dc309ee2038273b62fdd9a94ab083fbd3c3346870bd6b43821bbc9a72cb16d0d","1","1077","0","1","1","0","0","1","27:1077","PASS_NONCRITICAL_UTF8_ONLY"
"20250607101500.gkg.csv.zip","94bc31a7d933fc7ce9152bdac8be667fd62fd1da8d2d653e5f044eef9fc7a144","1","596","0","1","1","0","0","1","27:596","PASS_NONCRITICAL_UTF8_ONLY"
"20250607121500.gkg.csv.zip","087c83f8bec59da9d2b0b5540fbf28e2b9c5e0a3829610715dfe1d13ca18c076","1","941","0","1","1","0","0","1","27:941","PASS_NONCRITICAL_UTF8_ONLY"
"20250608091500.gkg.csv.zip","610076a77e07e38eea9727222a7e39f677b28971f5db06a20fbfdbaf6cf5467c","1","541","0","1","1","0","0","1","27:541","PASS_NONCRITICAL_UTF8_ONLY"
"20250608124500.gkg.csv.zip","aa6795cc611d7925cfbe4042c431c89db37d85164072ac3e0439089642db2bbc","1","701","0","1","1","0","0","1","27:701","PASS_NONCRITICAL_UTF8_ONLY"
"20250609011500.gkg.csv.zip","509c0b6be61d90db7efad6cb8a5832647de1f00355a78dd2b4b24fe1910a272c","1","573","0","1","1","0","0","1","27:573","PASS_NONCRITICAL_UTF8_ONLY"
"20250609143000.gkg.csv.zip","8ad0b04ac6237f8f89df402ab1701cb85811afa9b8b4e17416eeb4247b06fcc0","1","1640","0","1","1","0","0","1","27:1640","PASS_NONCRITICAL_UTF8_ONLY"
"20250609154500.gkg.csv.zip","ededca2784285a31a09dc6b0fdf1f77a580ece813fbf9858fde90223554c3774","1","2044","0","1","1","0","0","1","27:2044","PASS_NONCRITICAL_UTF8_ONLY"
"20250610023000.gkg.csv.zip","82331d6b82bfc9ba45a307cbfbe999c0cf0cda0be936e03f697116645bc89ee9","1","1115","0","2","2","0","0","2","27:1115","PASS_NONCRITICAL_UTF8_ONLY"
"20250610043000.gkg.csv.zip","a58141a79a22458da17a0c5d9cd32b2fc436fe8ae67743f4888ae7ab7ac39633","1","911","0","2","2","0","0","2","27:911","PASS_NONCRITICAL_UTF8_ONLY"
"20250610084500.gkg.csv.zip","5e694445d503569b817180932f3a07b49fdc2bb1c0b7ef8509a97a50710ee12e","1","931","0","1","1","0","0","1","27:931","PASS_NONCRITICAL_UTF8_ONLY"
"20250610200000.gkg.csv.zip","72aa44e0dad2f828e067943d6ec62df0983d87da9032eec711491ad0454d0ba8","1","2074","0","1","1","0","0","1","27:2074","PASS_NONCRITICAL_UTF8_ONLY"
"20250611121500.gkg.csv.zip","687a4c3ddb77bc37fdcb8f560952ded1f8b6ef0d304ad1efe27b8348fb76d042","1","1723","0","1","1","0","0","1","27:1723","PASS_NONCRITICAL_UTF8_ONLY"
"20250611160000.gkg.csv.zip","853f56edddde27b2742842679e5972c299fc0693db43eac72bdf7595b8f1faa0","1","2081","0","1","1","0","0","1","27:2081","PASS_NONCRITICAL_UTF8_ONLY"
"20250611190000.gkg.csv.zip","87a1536a84b45907d0193ba54eaa9605b5cffcfe1f77fde75e976167cfb47558","1","2083","0","1","1","0","0","1","27:2083","PASS_NONCRITICAL_UTF8_ONLY"
"20250612104500.gkg.csv.zip","985d3a6ee509b014219987d52526139d7146534ac4c4faa5c1960fbc7e5d5f76","1","1263","0","1","1","0","0","1","27:1263","PASS_NONCRITICAL_UTF8_ONLY"
"20250612123000.gkg.csv.zip","853b188ba655ff7aa050dd56c6265569110a38eda0986080860b818d8d30b899","1","1401","0","1","1","0","0","1","27:1401","PASS_NONCRITICAL_UTF8_ONLY"
"20250613043000.gkg.csv.zip","c9363b5cdf623ac3fb021baa6fc86e8294eb59d4a96551a13ee49a76802fd638","1","945","0","1","1","0","0","1","27:945","PASS_NONCRITICAL_UTF8_ONLY"
"20250613120000.gkg.csv.zip","8729fe961159f887452f17073e2b99b86eda6e880820fceb0bc615501677c63c","1","1344","0","1","1","0","0","1","27:1344","PASS_NONCRITICAL_UTF8_ONLY"
"20250613234500.gkg.csv.zip","8883b45a6544f8e4425da9e2859fb8ca0993292f1cdec5ed5706f746047f3955","1","1613","0","1","1","0","0","1","27:1613","PASS_NONCRITICAL_UTF8_ONLY"
"20250614064500.gkg.csv.zip","d7764f63260ac967efe830e59419e610b1b10730ecd2473181b3138d86b556ea","1","719","0","1","1","0","0","1","27:719","PASS_NONCRITICAL_UTF8_ONLY"
