"base_asset_id","alias_text","alias_type","requires_crypto_context","alias_source"
"1INCH","1INCH","kraken_base_symbol","True","AF001_KRAKEN_SYMBOL"
"AAVE","Aave","manual_core_name","False","AF001_KRAKEN_SYMBOL|AF003_APPROVED_ALIAS"
"ACA","ACA","kraken_base_symbol","True","AF001_KRAKEN_SYMBOL"
"ACH","ACH","kraken_base_symbol","True","AF001_KRAKEN_SYMBOL"
"ACT","ACT","kraken_base_symbol","True","AF001_KRAKEN_SYMBOL"
"ACX","ACX","kraken_base_symbol","True","AF001_KRAKEN_SYMBOL"
"ADA","ADA","kraken_base_symbol","True","AF001_KRAKEN_SYMBOL"
"ADA","Cardano","manual_core_name","False","AF003_APPROVED_ALIAS"
"ADX","ADX","kraken_base_symbol","True","AF001_KRAKEN_SYMBOL"
"AERO","AERO","kraken_base_symbol","True","AF001_KRAKEN_SYMBOL"
"AEVO","AEVO","kraken_base_symbol","True","AF001_KRAKEN_SYMBOL"
"AGLD","AGLD","kraken_base_symbol","True","AF001_KRAKEN_SYMBOL"
"AI16Z","AI16Z","kraken_base_symbol","True","AF001_KRAKEN_SYMBOL"
"AIR","AIR","kraken_base_symbol","True","AF001_KRAKEN_SYMBOL"
"AIXBT","AIXBT","kraken_base_symbol","True","AF001_KRAKEN_SYMBOL"
"AKT","AKT","kraken_base_symbol","True","AF001_KRAKEN_SYMBOL"
"ALCH","ALCH","kraken_base_symbol","True","AF001_KRAKEN_SYMBOL"
"ALCX","ALCX","kraken_base_symbol","True","AF001_KRAKEN_SYMBOL"
"ALGO","ALGO","kraken_base_symbol","True","AF001_KRAKEN_SYMBOL"
"ALGO","Algorand","manual_core_name","False","AF003_APPROVED_ALIAS"
"ALICE","ALICE","kraken_base_symbol","True","AF001_KRAKEN_SYMBOL"
"ALPHA","ALPHA","kraken_base_symbol","True","AF001_KRAKEN_SYMBOL"
"ALT","ALT","kraken_base_symbol","True","AF001_KRAKEN_SYMBOL"
"ANKR","ANKR","kraken_base_symbol","True","AF001_KRAKEN_SYMBOL"
"ANLOG","ANLOG","kraken_base_symbol","True","AF001_KRAKEN_SYMBOL"
"ANON","ANON","kraken_base_symbol","True","AF001_KRAKEN_SYMBOL"
"APE","APE","kraken_base_symbol","True","AF001_KRAKEN_SYMBOL"
"APENFT","APENFT","kraken_base_symbol","True","AF001_KRAKEN_SYMBOL"
"API3","API3","kraken_base_symbol","True","AF001_KRAKEN_SYMBOL"
"APT","APT","kraken_base_symbol","True","AF001_KRAKEN_SYMBOL"
"APT","Aptos","manual_core_name","False","AF003_APPROVED_ALIAS"
"APU","APU","kraken_base_symbol","True","AF001_KRAKEN_SYMBOL"
"AR","AR","kraken_base_symbol","True","AF001_KRAKEN_SYMBOL"
"ARB","ARB","kraken_base_symbol","True","AF001_KRAKEN_SYMBOL"
"ARB","Arbitrum","manual_core_name","False","AF003_APPROVED_ALIAS"
"ARC","ARC","kraken_base_symbol","True","AF001_KRAKEN_SYMBOL"
"ARKM","ARKM","kraken_base_symbol","True","AF001_KRAKEN_SYMBOL"
"ARPA","ARPA","kraken_base_symbol","True","AF001_KRAKEN_SYMBOL"
"ASRR","ASRR","kraken_base_symbol","True","AF001_KRAKEN_SYMBOL"
"ASTR","ASTR","kraken_base_symbol","True","AF001_KRAKEN_SYMBOL"
"ATH","ATH","kraken_base_symbol","True","AF001_KRAKEN_SYMBOL"
"ATLAS","ATLAS","kraken_base_symbol","True","AF001_KRAKEN_SYMBOL"
"ATOM","ATOM","kraken_base_symbol","True","AF001_KRAKEN_SYMBOL"
"ATOM","Cosmos","manual_core_name","True","AF003_APPROVED_ALIAS"
"AUCTION","AUCTION","kraken_base_symbol","True","AF001_KRAKEN_SYMBOL"
"AUDIO","AUDIO","kraken_base_symbol","True","AF001_KRAKEN_SYMBOL"
"AVAAI","AVAAI","kraken_base_symbol","True","AF001_KRAKEN_SYMBOL"
"AVAX","Avalanche","manual_core_name","True","AF003_APPROVED_ALIAS"
"AVAX","AVAX","kraken_base_symbol","True","AF001_KRAKEN_SYMBOL"
"AXS","AXS","kraken_base_symbol","True","AF001_KRAKEN_SYMBOL"
"B3","B3","kraken_base_symbol","True","AF001_KRAKEN_SYMBOL"
"BABY","BABY","kraken_base_symbol","True","AF001_KRAKEN_SYMBOL"
"BADGER","BADGER","kraken_base_symbol","True","AF001_KRAKEN_SYMBOL"
"BAL","BAL","kraken_base_symbol","True","AF001_KRAKEN_SYMBOL"
"BANANAS31","BANANAS31","kraken_base_symbol","True","AF001_KRAKEN_SYMBOL"
"BAND","BAND","kraken_base_symbol","True","AF001_KRAKEN_SYMBOL"
"BAT","BAT","kraken_base_symbol","True","AF001_KRAKEN_SYMBOL"
"BCH","BCH","kraken_base_symbol","True","AF001_KRAKEN_SYMBOL"
"BCH","Bitcoin Cash","manual_core_name","False","AF003_APPROVED_ALIAS"
"BDXN","BDXN","kraken_base_symbol","True","AF001_KRAKEN_SYMBOL"
"BEAM","BEAM","kraken_base_symbol","True","AF001_KRAKEN_SYMBOL"
"BERA","BERA","kraken_base_symbol","True","AF001_KRAKEN_SYMBOL"
"BICO","BICO","kraken_base_symbol","True","AF001_KRAKEN_SYMBOL"
"BIGTIME","BIGTIME","kraken_base_symbol","True","AF001_KRAKEN_SYMBOL"
"BIO","BIO","kraken_base_symbol","True","AF001_KRAKEN_SYMBOL"
"BIT","BIT","kraken_base_symbol","True","AF001_KRAKEN_SYMBOL"
"BLUR","BLUR","kraken_base_symbol","True","AF001_KRAKEN_SYMBOL"
"BLZ","BLZ","kraken_base_symbol","True","AF001_KRAKEN_SYMBOL"
"BMT","BMT","kraken_base_symbol","True","AF001_KRAKEN_SYMBOL"
"BNB","Binance Coin","manual_core_name","False","AF003_APPROVED_ALIAS"
"BNB","BNB","kraken_base_symbol","True","AF001_KRAKEN_SYMBOL"
"BNC","BNC","kraken_base_symbol","True","AF001_KRAKEN_SYMBOL"
"BNT","BNT","kraken_base_symbol","True","AF001_KRAKEN_SYMBOL"
"BOBA","BOBA","kraken_base_symbol","True","AF001_KRAKEN_SYMBOL"
"BODEN","BODEN","kraken_base_symbol","True","AF001_KRAKEN_SYMBOL"
"BOND","BOND","kraken_base_symbol","True","AF001_KRAKEN_SYMBOL"
"BONK","Bonk","manual_core_name","True","AF001_KRAKEN_SYMBOL|AF003_APPROVED_ALIAS"
"BRICK","BRICK","kraken_base_symbol","True","AF001_KRAKEN_SYMBOL"
"BSX","BSX","kraken_base_symbol","True","AF001_KRAKEN_SYMBOL"
"BTT","BTT","kraken_base_symbol","True","AF001_KRAKEN_SYMBOL"
"C98","C98","kraken_base_symbol","True","AF001_KRAKEN_SYMBOL"
"CAKE","CAKE","kraken_base_symbol","True","AF001_KRAKEN_SYMBOL"
"CAT","CAT","kraken_base_symbol","True","AF001_KRAKEN_SYMBOL"
"CELO","CELO","kraken_base_symbol","True","AF001_KRAKEN_SYMBOL"
"CELR","CELR","kraken_base_symbol","True","AF001_KRAKEN_SYMBOL"
"CFG","CFG","kraken_base_symbol","True","AF001_KRAKEN_SYMBOL"
"CHEEMS","CHEEMS","kraken_base_symbol","True","AF001_KRAKEN_SYMBOL"
"CHEX","CHEX","kraken_base_symbol","True","AF001_KRAKEN_SYMBOL"
"CHR","CHR","kraken_base_symbol","True","AF001_KRAKEN_SYMBOL"
"CHZ","CHZ","kraken_base_symbol","True","AF001_KRAKEN_SYMBOL"
"CLANKER","CLANKER","kraken_base_symbol","True","AF001_KRAKEN_SYMBOL"
"CLOUD","CLOUD","kraken_base_symbol","True","AF001_KRAKEN_SYMBOL"
"CLV","CLV","kraken_base_symbol","True","AF001_KRAKEN_SYMBOL"
"CMETH","CMETH","kraken_base_symbol","True","AF001_KRAKEN_SYMBOL"
"COMP","COMP","kraken_base_symbol","True","AF001_KRAKEN_SYMBOL"
"COOKIE","COOKIE","kraken_base_symbol","True","AF001_KRAKEN_SYMBOL"
"CORN","CORN","kraken_base_symbol","True","AF001_KRAKEN_SYMBOL"
"COTI","COTI","kraken_base_symbol","True","AF001_KRAKEN_SYMBOL"
"COW","COW","kraken_base_symbol","True","AF001_KRAKEN_SYMBOL"
"CPOOL","CPOOL","kraken_base_symbol","True","AF001_KRAKEN_SYMBOL"
"CQT","CQT","kraken_base_symbol","True","AF001_KRAKEN_SYMBOL"
"CRO","CRO","kraken_base_symbol","True","AF001_KRAKEN_SYMBOL"
"CRO","Cronos","manual_core_name","False","AF003_APPROVED_ALIAS"
"CRV","CRV","kraken_base_symbol","True","AF001_KRAKEN_SYMBOL"
"CSM","CSM","kraken_base_symbol","True","AF001_KRAKEN_SYMBOL"
"CTSI","CTSI","kraken_base_symbol","True","AF001_KRAKEN_SYMBOL"
"CVC","CVC","kraken_base_symbol","True","AF001_KRAKEN_SYMBOL"
"CVX","CVX","kraken_base_symbol","True","AF001_KRAKEN_SYMBOL"
"CXT","CXT","kraken_base_symbol","True","AF001_KRAKEN_SYMBOL"
"CYBER","CYBER","kraken_base_symbol","True","AF001_KRAKEN_SYMBOL"
"DAI","Dai","manual_core_name","True","AF001_KRAKEN_SYMBOL|AF003_APPROVED_ALIAS"
"DASH","DASH","kraken_base_symbol","True","AF001_KRAKEN_SYMBOL"
"DBR","DBR","kraken_base_symbol","True","AF001_KRAKEN_SYMBOL"
"DEEP","DEEP","kraken_base_symbol","True","AF001_KRAKEN_SYMBOL"
"DEGEN","DEGEN","kraken_base_symbol","True","AF001_KRAKEN_SYMBOL"
"DENT","DENT","kraken_base_symbol","True","AF001_KRAKEN_SYMBOL"
"DMC","DMC","kraken_base_symbol","True","AF001_KRAKEN_SYMBOL"
"DOG","DOG","kraken_base_symbol","True","AF001_KRAKEN_SYMBOL"
"DOGS","DOGS","kraken_base_symbol","True","AF001_KRAKEN_SYMBOL"
"DOLO","DOLO","kraken_base_symbol","True","AF001_KRAKEN_SYMBOL"
"DOT","DOT","kraken_base_symbol","True","AF001_KRAKEN_SYMBOL"
"DOT","Polkadot","manual_core_name","False","AF003_APPROVED_ALIAS"
"DRIFT","DRIFT","kraken_base_symbol","True","AF001_KRAKEN_SYMBOL"
"DRV","DRV","kraken_base_symbol","True","AF001_KRAKEN_SYMBOL"
"DUCK","DUCK","kraken_base_symbol","True","AF001_KRAKEN_SYMBOL"
"DYDX","DYDX","kraken_base_symbol","True","AF001_KRAKEN_SYMBOL"
"DYM","DYM","kraken_base_symbol","True","AF001_KRAKEN_SYMBOL"
"EDGE","EDGE","kraken_base_symbol","True","AF001_KRAKEN_SYMBOL"
"EGLD","EGLD","kraken_base_symbol","True","AF001_KRAKEN_SYMBOL"
"EIGEN","EIGEN","kraken_base_symbol","True","AF001_KRAKEN_SYMBOL"
"ELX","ELX","kraken_base_symbol","True","AF001_KRAKEN_SYMBOL"
"ENA","ENA","kraken_base_symbol","True","AF001_KRAKEN_SYMBOL"
"ENJ","ENJ","kraken_base_symbol","True","AF001_KRAKEN_SYMBOL"
"ENS","ENS","kraken_base_symbol","True","AF001_KRAKEN_SYMBOL"
"EOS","EOS","manual_core_name","True","AF001_KRAKEN_SYMBOL|AF003_APPROVED_ALIAS"
"ESX","ESX","kraken_base_symbol","True","AF001_KRAKEN_SYMBOL"
"ETHFI","ETHFI","kraken_base_symbol","True","AF001_KRAKEN_SYMBOL"
"ETHW","ETHW","kraken_base_symbol","True","AF001_KRAKEN_SYMBOL"
"EUL","EUL","kraken_base_symbol","True","AF001_KRAKEN_SYMBOL"
"EUROP","EUROP","kraken_base_symbol","True","AF001_KRAKEN_SYMBOL"
"EURQ","EURQ","kraken_base_symbol","True","AF001_KRAKEN_SYMBOL"
"EURR","EURR","kraken_base_symbol","True","AF001_KRAKEN_SYMBOL"
"EWT","EWT","kraken_base_symbol","True","AF001_KRAKEN_SYMBOL"
"FARM","FARM","kraken_base_symbol","True","AF001_KRAKEN_SYMBOL"
"FARTCOIN","FARTCOIN","kraken_base_symbol","True","AF001_KRAKEN_SYMBOL"
"FET","Artificial Superintelligence Alliance","manual_core_name","False","AF003_APPROVED_ALIAS"
"FET","FET","kraken_base_symbol","True","AF001_KRAKEN_SYMBOL"
"FHE","FHE","kraken_base_symbol","True","AF001_KRAKEN_SYMBOL"
"FIDA","FIDA","kraken_base_symbol","True","AF001_KRAKEN_SYMBOL"
"FIL","FIL","kraken_base_symbol","True","AF001_KRAKEN_SYMBOL"
"FIL","Filecoin","manual_core_name","False","AF003_APPROVED_ALIAS"
"FIS","FIS","kraken_base_symbol","True","AF001_KRAKEN_SYMBOL"
"FLOKI","FLOKI","kraken_base_symbol","True","AF001_KRAKEN_SYMBOL"
"FLOW","FLOW","kraken_base_symbol","True","AF001_KRAKEN_SYMBOL"
"FLR","FLR","kraken_base_symbol","True","AF001_KRAKEN_SYMBOL"
"FLUX","FLUX","kraken_base_symbol","True","AF001_KRAKEN_SYMBOL"
"FLY","FLY","kraken_base_symbol","True","AF001_KRAKEN_SYMBOL"
"FORTH","FORTH","kraken_base_symbol","True","AF001_KRAKEN_SYMBOL"
"FWOG","FWOG","kraken_base_symbol","True","AF001_KRAKEN_SYMBOL"
"FXS","FXS","kraken_base_symbol","True","AF001_KRAKEN_SYMBOL"
"G","G","kraken_base_symbol","True","AF001_KRAKEN_SYMBOL"
"GAL","GAL","kraken_base_symbol","True","AF001_KRAKEN_SYMBOL"
"GALA","GALA","kraken_base_symbol","True","AF001_KRAKEN_SYMBOL"
"GARI","GARI","kraken_base_symbol","True","AF001_KRAKEN_SYMBOL"
"GFI","GFI","kraken_base_symbol","True","AF001_KRAKEN_SYMBOL"
"GHIBLI","GHIBLI","kraken_base_symbol","True","AF001_KRAKEN_SYMBOL"
"GHST","GHST","kraken_base_symbol","True","AF001_KRAKEN_SYMBOL"
"GIGA","GIGA","kraken_base_symbol","True","AF001_KRAKEN_SYMBOL"
"GLMR","GLMR","kraken_base_symbol","True","AF001_KRAKEN_SYMBOL"
"GMT","GMT","kraken_base_symbol","True","AF001_KRAKEN_SYMBOL"
"GMX","GMX","kraken_base_symbol","True","AF001_KRAKEN_SYMBOL"
"GNO","GNO","kraken_base_symbol","True","AF001_KRAKEN_SYMBOL"
"GOAT","GOAT","kraken_base_symbol","True","AF001_KRAKEN_SYMBOL"
"GRASS","GRASS","kraken_base_symbol","True","AF001_KRAKEN_SYMBOL"
"GRIFFAIN","GRIFFAIN","kraken_base_symbol","True","AF001_KRAKEN_SYMBOL"
"GRT","GRT","kraken_base_symbol","True","AF001_KRAKEN_SYMBOL"
"GST","GST","kraken_base_symbol","True","AF001_KRAKEN_SYMBOL"
"GTC","GTC","kraken_base_symbol","True","AF001_KRAKEN_SYMBOL"
"GUN","GUN","kraken_base_symbol","True","AF001_KRAKEN_SYMBOL"
"HDX","HDX","kraken_base_symbol","True","AF001_KRAKEN_SYMBOL"
"HFT","HFT","kraken_base_symbol","True","AF001_KRAKEN_SYMBOL"
"HIPPO","HIPPO","kraken_base_symbol","True","AF001_KRAKEN_SYMBOL"
"HMSTR","HMSTR","kraken_base_symbol","True","AF001_KRAKEN_SYMBOL"
"HNT","HNT","kraken_base_symbol","True","AF001_KRAKEN_SYMBOL"
"HONEY","HONEY","kraken_base_symbol","True","AF001_KRAKEN_SYMBOL"
"HPOS10I","HPOS10I","kraken_base_symbol","True","AF001_KRAKEN_SYMBOL"
"ICP","ICP","kraken_base_symbol","True","AF001_KRAKEN_SYMBOL"
"ICP","Internet Computer","manual_core_name","False","AF003_APPROVED_ALIAS"
"ICX","ICX","kraken_base_symbol","True","AF001_KRAKEN_SYMBOL"
"IDEX","IDEX","kraken_base_symbol","True","AF001_KRAKEN_SYMBOL"
"IMX","IMX","kraken_base_symbol","True","AF001_KRAKEN_SYMBOL"
"INIT","INIT","kraken_base_symbol","True","AF001_KRAKEN_SYMBOL"
"INJ","INJ","kraken_base_symbol","True","AF001_KRAKEN_SYMBOL"
"INJ","Injective","manual_core_name","False","AF003_APPROVED_ALIAS"
"INTR","INTR","kraken_base_symbol","True","AF001_KRAKEN_SYMBOL"
"IP","IP","kraken_base_symbol","True","AF001_KRAKEN_SYMBOL"
"JAILSTOOL","JAILSTOOL","kraken_base_symbol","True","AF001_KRAKEN_SYMBOL"
"JASMY","JASMY","kraken_base_symbol","True","AF001_KRAKEN_SYMBOL"
"JITOSOL","JITOSOL","kraken_base_symbol","True","AF001_KRAKEN_SYMBOL"
"JST","JST","kraken_base_symbol","True","AF001_KRAKEN_SYMBOL"
"JTO","JTO","kraken_base_symbol","True","AF001_KRAKEN_SYMBOL"
"JUNO","JUNO","kraken_base_symbol","True","AF001_KRAKEN_SYMBOL"
"JUP","JUP","kraken_base_symbol","True","AF001_KRAKEN_SYMBOL"
"K","K","kraken_base_symbol","True","AF001_KRAKEN_SYMBOL"
"KAITO","KAITO","kraken_base_symbol","True","AF001_KRAKEN_SYMBOL"
"KAR","KAR","kraken_base_symbol","True","AF001_KRAKEN_SYMBOL"
"KAS","KAS","kraken_base_symbol","True","AF001_KRAKEN_SYMBOL"
"KAVA","KAVA","kraken_base_symbol","True","AF001_KRAKEN_SYMBOL"
"KERNEL","KERNEL","kraken_base_symbol","True","AF001_KRAKEN_SYMBOL"
"KEY","KEY","kraken_base_symbol","True","AF001_KRAKEN_SYMBOL"
"KILT","KILT","kraken_base_symbol","True","AF001_KRAKEN_SYMBOL"
"KIN","KIN","kraken_base_symbol","True","AF001_KRAKEN_SYMBOL"
"KINT","KINT","kraken_base_symbol","True","AF001_KRAKEN_SYMBOL"
"KMNO","KMNO","kraken_base_symbol","True","AF001_KRAKEN_SYMBOL"
"KNC","KNC","kraken_base_symbol","True","AF001_KRAKEN_SYMBOL"
"KOBAN","KOBAN","kraken_base_symbol","True","AF001_KRAKEN_SYMBOL"
"KP3R","KP3R","kraken_base_symbol","True","AF001_KRAKEN_SYMBOL"
"KSM","KSM","kraken_base_symbol","True","AF001_KRAKEN_SYMBOL"
"L3","L3","kraken_base_symbol","True","AF001_KRAKEN_SYMBOL"
"LAYER","LAYER","kraken_base_symbol","True","AF001_KRAKEN_SYMBOL"
"LCX","LCX","kraken_base_symbol","True","AF001_KRAKEN_SYMBOL"
"LDO","LDO","kraken_base_symbol","True","AF001_KRAKEN_SYMBOL"
"LINK","Chainlink","manual_core_name","False","AF003_APPROVED_ALIAS"
"LINK","LINK","kraken_base_symbol","True","AF001_KRAKEN_SYMBOL"
"LIT","LIT","kraken_base_symbol","True","AF001_KRAKEN_SYMBOL"
"LMWR","LMWR","kraken_base_symbol","True","AF001_KRAKEN_SYMBOL"
"LOCKIN","LOCKIN","kraken_base_symbol","True","AF001_KRAKEN_SYMBOL"
"LOFI","LOFI","kraken_base_symbol","True","AF001_KRAKEN_SYMBOL"
"LPT","LPT","kraken_base_symbol","True","AF001_KRAKEN_SYMBOL"
"LQTY","LQTY","kraken_base_symbol","True","AF001_KRAKEN_SYMBOL"
"LRC","LRC","kraken_base_symbol","True","AF001_KRAKEN_SYMBOL"
"LSETH","LSETH","kraken_base_symbol","True","AF001_KRAKEN_SYMBOL"
"LSK","LSK","kraken_base_symbol","True","AF001_KRAKEN_SYMBOL"
"LUNA","LUNA","kraken_base_symbol","True","AF001_KRAKEN_SYMBOL"
"LUNA2","LUNA2","kraken_base_symbol","True","AF001_KRAKEN_SYMBOL"
"MANA","MANA","kraken_base_symbol","True","AF001_KRAKEN_SYMBOL"
"MASK","MASK","kraken_base_symbol","True","AF001_KRAKEN_SYMBOL"
"MAT","MAT","kraken_base_symbol","True","AF001_KRAKEN_SYMBOL"
"MC","MC","kraken_base_symbol","True","AF001_KRAKEN_SYMBOL"
"ME","ME","kraken_base_symbol","True","AF001_KRAKEN_SYMBOL"
"MELANIA","MELANIA","kraken_base_symbol","True","AF001_KRAKEN_SYMBOL"
"MEME","MEME","kraken_base_symbol","True","AF001_KRAKEN_SYMBOL"
"METH","METH","kraken_base_symbol","True","AF001_KRAKEN_SYMBOL"
"METIS","METIS","kraken_base_symbol","True","AF001_KRAKEN_SYMBOL"
"MEW","MEW","kraken_base_symbol","True","AF001_KRAKEN_SYMBOL"
"MICHI","MICHI","kraken_base_symbol","True","AF001_KRAKEN_SYMBOL"
"MINA","MINA","kraken_base_symbol","True","AF001_KRAKEN_SYMBOL"
"MIR","MIR","kraken_base_symbol","True","AF001_KRAKEN_SYMBOL"
"MKR","MakerDAO","manual_core_name","False","AF003_APPROVED_ALIAS"
"MKR","MKR","kraken_base_symbol","True","AF001_KRAKEN_SYMBOL"
"MNGO","MNGO","kraken_base_symbol","True","AF001_KRAKEN_SYMBOL"
"MNT","MNT","kraken_base_symbol","True","AF001_KRAKEN_SYMBOL"
"MOG","MOG","kraken_base_symbol","True","AF001_KRAKEN_SYMBOL"
"MOODENG","MOODENG","kraken_base_symbol","True","AF001_KRAKEN_SYMBOL"
"MOON","MOON","kraken_base_symbol","True","AF001_KRAKEN_SYMBOL"
"MORPHO","MORPHO","kraken_base_symbol","True","AF001_KRAKEN_SYMBOL"
"MOVE","MOVE","kraken_base_symbol","True","AF001_KRAKEN_SYMBOL"
"MOVR","MOVR","kraken_base_symbol","True","AF001_KRAKEN_SYMBOL"
"MSOL","MSOL","kraken_base_symbol","True","AF001_KRAKEN_SYMBOL"
"MUBARAK","MUBARAK","kraken_base_symbol","True","AF001_KRAKEN_SYMBOL"
"MULTI","MULTI","kraken_base_symbol","True","AF001_KRAKEN_SYMBOL"
"MV","MV","kraken_base_symbol","True","AF001_KRAKEN_SYMBOL"
"MXC","MXC","kraken_base_symbol","True","AF001_KRAKEN_SYMBOL"
"NANO","NANO","kraken_base_symbol","True","AF001_KRAKEN_SYMBOL"
"NEAR","NEAR","kraken_base_symbol","True","AF001_KRAKEN_SYMBOL"
"NEAR","Near Protocol","manual_core_name","False","AF003_APPROVED_ALIAS"
"NEIRO","NEIRO","kraken_base_symbol","True","AF001_KRAKEN_SYMBOL"
"NIL","NIL","kraken_base_symbol","True","AF001_KRAKEN_SYMBOL"
"NMR","NMR","kraken_base_symbol","True","AF001_KRAKEN_SYMBOL"
"NODL","NODL","kraken_base_symbol","True","AF001_KRAKEN_SYMBOL"
"NOS","NOS","kraken_base_symbol","True","AF001_KRAKEN_SYMBOL"
"NOT","NOT","kraken_base_symbol","True","AF001_KRAKEN_SYMBOL"
"NPC","NPC","kraken_base_symbol","True","AF001_KRAKEN_SYMBOL"
"NTRN","NTRN","kraken_base_symbol","True","AF001_KRAKEN_SYMBOL"
"NYM","NYM","kraken_base_symbol","True","AF001_KRAKEN_SYMBOL"
"OCEAN","OCEAN","kraken_base_symbol","True","AF001_KRAKEN_SYMBOL"
"ODOS","ODOS","kraken_base_symbol","True","AF001_KRAKEN_SYMBOL"
"OGN","OGN","kraken_base_symbol","True","AF001_KRAKEN_SYMBOL"
"OM","OM","kraken_base_symbol","True","AF001_KRAKEN_SYMBOL"
"OMG","OMG","kraken_base_symbol","True","AF001_KRAKEN_SYMBOL"
"OMNI","OMNI","kraken_base_symbol","True","AF001_KRAKEN_SYMBOL"
"ONDO","ONDO","kraken_base_symbol","True","AF001_KRAKEN_SYMBOL"
"OP","OP","kraken_base_symbol","True","AF001_KRAKEN_SYMBOL"
"OP","Optimism","manual_core_name","True","AF003_APPROVED_ALIAS"
"ORCA","ORCA","kraken_base_symbol","True","AF001_KRAKEN_SYMBOL"
"ORDER","ORDER","kraken_base_symbol","True","AF001_KRAKEN_SYMBOL"
"OSMO","OSMO","kraken_base_symbol","True","AF001_KRAKEN_SYMBOL"
"OXT","OXT","kraken_base_symbol","True","AF001_KRAKEN_SYMBOL"
"OXY","OXY","kraken_base_symbol","True","AF001_KRAKEN_SYMBOL"
"PAXG","PAXG","kraken_base_symbol","True","AF001_KRAKEN_SYMBOL"
"PDA","PDA","kraken_base_symbol","True","AF001_KRAKEN_SYMBOL"
"PENDLE","PENDLE","kraken_base_symbol","True","AF001_KRAKEN_SYMBOL"
"PENGU","PENGU","kraken_base_symbol","True","AF001_KRAKEN_SYMBOL"
"PEPE","Pepe","manual_core_name","True","AF001_KRAKEN_SYMBOL|AF003_APPROVED_ALIAS"
"PERP","PERP","kraken_base_symbol","True","AF001_KRAKEN_SYMBOL"
"PHA","PHA","kraken_base_symbol","True","AF001_KRAKEN_SYMBOL"
"PLUME","PLUME","kraken_base_symbol","True","AF001_KRAKEN_SYMBOL"
"PNUT","PNUT","kraken_base_symbol","True","AF001_KRAKEN_SYMBOL"
"POL","POL","kraken_base_symbol","True","AF001_KRAKEN_SYMBOL"
"POL","Polygon","manual_core_name","True","AF003_APPROVED_ALIAS"
"POLIS","POLIS","kraken_base_symbol","True","AF001_KRAKEN_SYMBOL"
"POLS","POLS","kraken_base_symbol","True","AF001_KRAKEN_SYMBOL"
"POND","POND","kraken_base_symbol","True","AF001_KRAKEN_SYMBOL"
"PONKE","PONKE","kraken_base_symbol","True","AF001_KRAKEN_SYMBOL"
"POPCAT","POPCAT","kraken_base_symbol","True","AF001_KRAKEN_SYMBOL"
"PORTAL","PORTAL","kraken_base_symbol","True","AF001_KRAKEN_SYMBOL"
"POWR","POWR","kraken_base_symbol","True","AF001_KRAKEN_SYMBOL"
"PRCL","PRCL","kraken_base_symbol","True","AF001_KRAKEN_SYMBOL"
"PRIME","PRIME","kraken_base_symbol","True","AF001_KRAKEN_SYMBOL"
"PROMPT","PROMPT","kraken_base_symbol","True","AF001_KRAKEN_SYMBOL"
"PSTAKE","PSTAKE","kraken_base_symbol","True","AF001_KRAKEN_SYMBOL"
"PUFFER","PUFFER","kraken_base_symbol","True","AF001_KRAKEN_SYMBOL"
"PYTH","PYTH","kraken_base_symbol","True","AF001_KRAKEN_SYMBOL"
"PYUSD","PYUSD","kraken_base_symbol","True","AF001_KRAKEN_SYMBOL"
"QNT","QNT","kraken_base_symbol","True","AF001_KRAKEN_SYMBOL"
"QTUM","QTUM","kraken_base_symbol","True","AF001_KRAKEN_SYMBOL"
"RAD","RAD","kraken_base_symbol","True","AF001_KRAKEN_SYMBOL"
"RARE","RARE","kraken_base_symbol","True","AF001_KRAKEN_SYMBOL"
"RARI","RARI","kraken_base_symbol","True","AF001_KRAKEN_SYMBOL"
"RAY","RAY","kraken_base_symbol","True","AF001_KRAKEN_SYMBOL"
"RBC","RBC","kraken_base_symbol","True","AF001_KRAKEN_SYMBOL"
"RED","RED","kraken_base_symbol","True","AF001_KRAKEN_SYMBOL"
"REN","REN","kraken_base_symbol","True","AF001_KRAKEN_SYMBOL"
"RENDER","RENDER","kraken_base_symbol","True","AF001_KRAKEN_SYMBOL"
"RENDER","Render Network","manual_core_name","False","AF003_APPROVED_ALIAS"
"REPV2","REPV2","kraken_base_symbol","True","AF001_KRAKEN_SYMBOL"
"REQ","REQ","kraken_base_symbol","True","AF001_KRAKEN_SYMBOL"
"REZ","REZ","kraken_base_symbol","True","AF001_KRAKEN_SYMBOL"
"RIZE","RIZE","kraken_base_symbol","True","AF001_KRAKEN_SYMBOL"
"RLC","RLC","kraken_base_symbol","True","AF001_KRAKEN_SYMBOL"
"RLUSD","RLUSD","kraken_base_symbol","True","AF001_KRAKEN_SYMBOL"
"ROOK","ROOK","kraken_base_symbol","True","AF001_KRAKEN_SYMBOL"
"RPL","RPL","kraken_base_symbol","True","AF001_KRAKEN_SYMBOL"
"RSR","RSR","kraken_base_symbol","True","AF001_KRAKEN_SYMBOL"
"RUJI","RUJI","kraken_base_symbol","True","AF001_KRAKEN_SYMBOL"
"RUNE","RUNE","kraken_base_symbol","True","AF001_KRAKEN_SYMBOL"
"S","S","kraken_base_symbol","True","AF001_KRAKEN_SYMBOL"
"SAFE","SAFE","kraken_base_symbol","True","AF001_KRAKEN_SYMBOL"
"SAGA","SAGA","kraken_base_symbol","True","AF001_KRAKEN_SYMBOL"
"SAHARA","SAHARA","kraken_base_symbol","True","AF001_KRAKEN_SYMBOL"
"SAMO","SAMO","kraken_base_symbol","True","AF001_KRAKEN_SYMBOL"
"SAND","SAND","kraken_base_symbol","True","AF001_KRAKEN_SYMBOL"
"SBR","SBR","kraken_base_symbol","True","AF001_KRAKEN_SYMBOL"
"SC","SC","kraken_base_symbol","True","AF001_KRAKEN_SYMBOL"
"SCRT","SCRT","kraken_base_symbol","True","AF001_KRAKEN_SYMBOL"
"SDN","SDN","kraken_base_symbol","True","AF001_KRAKEN_SYMBOL"
"SEI","SEI","kraken_base_symbol","True","AF001_KRAKEN_SYMBOL"
"SGB","SGB","kraken_base_symbol","True","AF001_KRAKEN_SYMBOL"
"SHIB","SHIB","kraken_base_symbol","True","AF001_KRAKEN_SYMBOL"
"SHIB","Shiba Inu","manual_core_name","False","AF003_APPROVED_ALIAS"
"SIGMA","SIGMA","kraken_base_symbol","True","AF001_KRAKEN_SYMBOL"
"SKY","SKY","kraken_base_symbol","True","AF001_KRAKEN_SYMBOL"
"SNEK","SNEK","kraken_base_symbol","True","AF001_KRAKEN_SYMBOL"
"SNX","SNX","kraken_base_symbol","True","AF001_KRAKEN_SYMBOL"
"SOL","SOL","kraken_base_symbol","True","AF001_KRAKEN_SYMBOL"
"SOL","Solana","manual_core_name","False","AF003_APPROVED_ALIAS"
"SONIC","SONIC","kraken_base_symbol","True","AF001_KRAKEN_SYMBOL"
"SPELL","SPELL","kraken_base_symbol","True","AF001_KRAKEN_SYMBOL"
"SPICE","SPICE","kraken_base_symbol","True","AF001_KRAKEN_SYMBOL"
"SPK","SPK","kraken_base_symbol","True","AF001_KRAKEN_SYMBOL"
"SPX","SPX","kraken_base_symbol","True","AF001_KRAKEN_SYMBOL"
"SRM","SRM","kraken_base_symbol","True","AF001_KRAKEN_SYMBOL"
"SSV","SSV","kraken_base_symbol","True","AF001_KRAKEN_SYMBOL"
"STEP","STEP","kraken_base_symbol","True","AF001_KRAKEN_SYMBOL"
"STG","STG","kraken_base_symbol","True","AF001_KRAKEN_SYMBOL"
"STORJ","STORJ","kraken_base_symbol","True","AF001_KRAKEN_SYMBOL"
"STRD","STRD","kraken_base_symbol","True","AF001_KRAKEN_SYMBOL"
"STRK","STRK","kraken_base_symbol","True","AF001_KRAKEN_SYMBOL"
"STX","STX","kraken_base_symbol","True","AF001_KRAKEN_SYMBOL"
"SUI","Sui","manual_core_name","True","AF001_KRAKEN_SYMBOL|AF003_APPROVED_ALIAS"
"SUN","SUN","kraken_base_symbol","True","AF001_KRAKEN_SYMBOL"
"SUNDOG","SUNDOG","kraken_base_symbol","True","AF001_KRAKEN_SYMBOL"
"SUPER","SUPER","kraken_base_symbol","True","AF001_KRAKEN_SYMBOL"
"SUSHI","SUSHI","kraken_base_symbol","True","AF001_KRAKEN_SYMBOL"
"SWARMS","SWARMS","kraken_base_symbol","True","AF001_KRAKEN_SYMBOL"
"SWELL","SWELL","kraken_base_symbol","True","AF001_KRAKEN_SYMBOL"
"SXT","SXT","kraken_base_symbol","True","AF001_KRAKEN_SYMBOL"
"SYN","SYN","kraken_base_symbol","True","AF001_KRAKEN_SYMBOL"
"SYRUP","SYRUP","kraken_base_symbol","True","AF001_KRAKEN_SYMBOL"
"T","T","kraken_base_symbol","True","AF001_KRAKEN_SYMBOL"
"TAO","Bittensor","manual_core_name","False","AF003_APPROVED_ALIAS"
"TAO","TAO","kraken_base_symbol","True","AF001_KRAKEN_SYMBOL"
"TBTC","TBTC","kraken_base_symbol","True","AF001_KRAKEN_SYMBOL"
"TEER","TEER","kraken_base_symbol","True","AF001_KRAKEN_SYMBOL"
"TERM","TERM","kraken_base_symbol","True","AF001_KRAKEN_SYMBOL"
"TIA","Celestia","manual_core_name","False","AF003_APPROVED_ALIAS"
"TIA","TIA","kraken_base_symbol","True","AF001_KRAKEN_SYMBOL"
"TITCOIN","TITCOIN","kraken_base_symbol","True","AF001_KRAKEN_SYMBOL"
"TLM","TLM","kraken_base_symbol","True","AF001_KRAKEN_SYMBOL"
"TNSR","TNSR","kraken_base_symbol","True","AF001_KRAKEN_SYMBOL"
"TOKE","TOKE","kraken_base_symbol","True","AF001_KRAKEN_SYMBOL"
"TOKEN","TOKEN","kraken_base_symbol","True","AF001_KRAKEN_SYMBOL"
"TON","TON","kraken_base_symbol","True","AF001_KRAKEN_SYMBOL"
"TON","Toncoin","manual_core_name","False","AF003_APPROVED_ALIAS"
"TOSHI","TOSHI","kraken_base_symbol","True","AF001_KRAKEN_SYMBOL"
"TRAC","TRAC","kraken_base_symbol","True","AF001_KRAKEN_SYMBOL"
"TREMP","TREMP","kraken_base_symbol","True","AF001_KRAKEN_SYMBOL"
"TRU","TRU","kraken_base_symbol","True","AF001_KRAKEN_SYMBOL"
"TRUMP","TRUMP","kraken_base_symbol","True","AF001_KRAKEN_SYMBOL"
"TRX","Tron","manual_core_name","True","AF003_APPROVED_ALIAS"
"TRX","TRX","kraken_base_symbol","True","AF001_KRAKEN_SYMBOL"
"TURBO","TURBO","kraken_base_symbol","True","AF001_KRAKEN_SYMBOL"
"TUSD","TUSD","kraken_base_symbol","True","AF001_KRAKEN_SYMBOL"
"TVK","TVK","kraken_base_symbol","True","AF001_KRAKEN_SYMBOL"
"UFD","UFD","kraken_base_symbol","True","AF001_KRAKEN_SYMBOL"
"UMA","UMA","kraken_base_symbol","True","AF001_KRAKEN_SYMBOL"
"UNFI","UNFI","kraken_base_symbol","True","AF001_KRAKEN_SYMBOL"
"UNI","UNI","kraken_base_symbol","True","AF001_KRAKEN_SYMBOL"
"UNI","Uniswap","manual_core_name","False","AF003_APPROVED_ALIAS"
"USDC","USD Coin","manual_core_name","False","AF003_APPROVED_ALIAS"
"USDC","USDC","kraken_base_symbol","True","AF001_KRAKEN_SYMBOL"
"USDD","USDD","kraken_base_symbol","True","AF001_KRAKEN_SYMBOL"
"USDG","USDG","kraken_base_symbol","True","AF001_KRAKEN_SYMBOL"
"USDQ","USDQ","kraken_base_symbol","True","AF001_KRAKEN_SYMBOL"
"USDR","USDR","kraken_base_symbol","True","AF001_KRAKEN_SYMBOL"
"USDS","USDS","kraken_base_symbol","True","AF001_KRAKEN_SYMBOL"
"USDT","Tether","manual_core_name","True","AF003_APPROVED_ALIAS"
"USDT","USDT","kraken_base_symbol","True","AF001_KRAKEN_SYMBOL"
"UST","UST","kraken_base_symbol","True","AF001_KRAKEN_SYMBOL"
"USUAL","USUAL","kraken_base_symbol","True","AF001_KRAKEN_SYMBOL"
"VANRY","VANRY","kraken_base_symbol","True","AF001_KRAKEN_SYMBOL"
"VELODROME","VELODROME","kraken_base_symbol","True","AF001_KRAKEN_SYMBOL"
"VINE","VINE","kraken_base_symbol","True","AF001_KRAKEN_SYMBOL"
"VIRTUAL","VIRTUAL","kraken_base_symbol","True","AF001_KRAKEN_SYMBOL"
"VVV","VVV","kraken_base_symbol","True","AF001_KRAKEN_SYMBOL"
"W","W","kraken_base_symbol","True","AF001_KRAKEN_SYMBOL"
"WAL","WAL","kraken_base_symbol","True","AF001_KRAKEN_SYMBOL"
"WAXL","WAXL","kraken_base_symbol","True","AF001_KRAKEN_SYMBOL"
"WBTC","WBTC","kraken_base_symbol","True","AF001_KRAKEN_SYMBOL"
"WCT","WCT","kraken_base_symbol","True","AF001_KRAKEN_SYMBOL"
"WELL","WELL","kraken_base_symbol","True","AF001_KRAKEN_SYMBOL"
"WEN","WEN","kraken_base_symbol","True","AF001_KRAKEN_SYMBOL"
"WIF","WIF","kraken_base_symbol","True","AF001_KRAKEN_SYMBOL"
"WIN","WIN","kraken_base_symbol","True","AF001_KRAKEN_SYMBOL"
"WLD","WLD","kraken_base_symbol","True","AF001_KRAKEN_SYMBOL"
"WOO","WOO","kraken_base_symbol","True","AF001_KRAKEN_SYMBOL"
"XCN","XCN","kraken_base_symbol","True","AF001_KRAKEN_SYMBOL"
"XETC","ETC","kraken_base_symbol","True","AF001_KRAKEN_SYMBOL"
"XETC","Ethereum Classic","manual_core_name","False","AF003_APPROVED_ALIAS"
"XETH","ETH","kraken_base_symbol","True","AF001_KRAKEN_SYMBOL"
"XETH","Ethereum","manual_core_name","False","AF003_APPROVED_ALIAS"
"XLTC","Litecoin","manual_core_name","False","AF003_APPROVED_ALIAS"
"XLTC","LTC","kraken_base_symbol","True","AF001_KRAKEN_SYMBOL"
"XMLN","MLN","kraken_base_symbol","True","AF001_KRAKEN_SYMBOL"
"XREP","REP","kraken_base_symbol","True","AF001_KRAKEN_SYMBOL"
"XRT","XRT","kraken_base_symbol","True","AF001_KRAKEN_SYMBOL"
"XTZ","XTZ","kraken_base_symbol","True","AF001_KRAKEN_SYMBOL"
"XXBT","Bitcoin","manual_core_name","False","AF003_APPROVED_ALIAS"
"XXBT","BTC","manual_core_symbol","True","AF003_APPROVED_ALIAS"
"XXBT","XBT","kraken_base_symbol","True","AF001_KRAKEN_SYMBOL"
"XXDG","DOGE","manual_core_symbol","True","AF003_APPROVED_ALIAS"
"XXDG","Dogecoin","manual_core_name","False","AF003_APPROVED_ALIAS"
"XXDG","XDG","kraken_base_symbol","True","AF001_KRAKEN_SYMBOL"
"XXLM","Stellar","manual_core_name","True","AF003_APPROVED_ALIAS"
"XXLM","XLM","kraken_base_symbol","True","AF001_KRAKEN_SYMBOL"
"XXMR","Monero","manual_core_name","False","AF003_APPROVED_ALIAS"
"XXMR","XMR","kraken_base_symbol","True","AF001_KRAKEN_SYMBOL"
"XXRP","Ripple","manual_core_name","False","AF003_APPROVED_ALIAS"
"XXRP","XRP","kraken_base_symbol","True","AF001_KRAKEN_SYMBOL"
"XZEC","ZEC","kraken_base_symbol","True","AF001_KRAKEN_SYMBOL"
"YFI","YFI","kraken_base_symbol","True","AF001_KRAKEN_SYMBOL"
"YGG","YGG","kraken_base_symbol","True","AF001_KRAKEN_SYMBOL"
"ZEREBRO","ZEREBRO","kraken_base_symbol","True","AF001_KRAKEN_SYMBOL"
"ZETA","ZETA","kraken_base_symbol","True","AF001_KRAKEN_SYMBOL"
"ZEUS","ZEUS","kraken_base_symbol","True","AF001_KRAKEN_SYMBOL"
"ZEX","ZEX","kraken_base_symbol","True","AF001_KRAKEN_SYMBOL"
"ZK","ZK","kraken_base_symbol","True","AF001_KRAKEN_SYMBOL"
"ZORA","ZORA","kraken_base_symbol","True","AF001_KRAKEN_SYMBOL"
"ZRO","ZRO","kraken_base_symbol","True","AF001_KRAKEN_SYMBOL"
"ZRX","ZRX","kraken_base_symbol","True","AF001_KRAKEN_SYMBOL"
