"base_asset_id","base_exchange_symbol","candidate_ids","mapping_status","approved_coingecko_id","decision_basis","evidence_note"
"1INCH","1INCH","1inch","APPROVED","1inch","UNIQUE_CURRENT_KRAKEN_PAIR_BRIDGE","CoinGecko/Kraken bridge count evidence: 1inch:2"
"AAVE","AAVE","aave","APPROVED","aave","UNIQUE_CURRENT_KRAKEN_PAIR_BRIDGE","CoinGecko/Kraken bridge count evidence: aave:3"
"ACA","ACA","acala","APPROVED","acala","UNIQUE_CURRENT_KRAKEN_PAIR_BRIDGE","CoinGecko/Kraken bridge count evidence: acala:2"
"ACH","ACH","alchemy-pay","APPROVED","alchemy-pay","UNIQUE_CURRENT_KRAKEN_PAIR_BRIDGE","CoinGecko/Kraken bridge count evidence: alchemy-pay:2"
"ACT","ACT","acet-token|achain|act-i-the-ai-prophecy","APPROVED","act-i-the-ai-prophecy","UNIQUE_CURRENT_KRAKEN_PAIR_BRIDGE","CoinGecko/Kraken bridge count evidence: acet-token:0|achain:0|act-i-the-ai-prophecy:2"
"ACX","ACX","across-protocol","APPROVED","across-protocol","KRAKEN_HISTORICAL_LISTING_NAME_TICKER","Kraken explicitly listed Across Protocol (ACX); AF-002 candidate has same project and ticker. Source: https://blog.kraken.com/product/asset-listings/acx-clv-and-flux-are-available-for-trading"
"ADA","ADA","ada-the-dog|binance-peg-cardano|cardano","APPROVED","cardano","UNIQUE_CURRENT_KRAKEN_PAIR_BRIDGE","CoinGecko/Kraken bridge count evidence: ada-the-dog:0|binance-peg-cardano:0|cardano:6"
"ADX","ADX","adex|adrena","APPROVED","adex","UNIQUE_CURRENT_KRAKEN_PAIR_BRIDGE","CoinGecko/Kraken bridge count evidence: adex:2|adrena:0"
"AERO","AERO","aerodrome-finance","APPROVED","aerodrome-finance","UNIQUE_CURRENT_KRAKEN_PAIR_BRIDGE","CoinGecko/Kraken bridge count evidence: aerodrome-finance:2"
"AEVO","AEVO","aevo-exchange","APPROVED","aevo-exchange","UNIQUE_CURRENT_KRAKEN_PAIR_BRIDGE","CoinGecko/Kraken bridge count evidence: aevo-exchange:2"
"AGLD","AGLD","adventure-gold","APPROVED","adventure-gold","KRAKEN_ASSET_PAGE_NAME_TICKER","Kraken identifies Adventure Gold (AGLD); AF-002 candidate has same project and ticker. Source: https://www.kraken.com/prices/adventure-gold"
"AI16Z","AI16Z","ai16z","APPROVED","ai16z","KRAKEN_MICA_HISTORY_NAME_TICKER","Kraken historical registry preserves AI16Z (AI16Z); AF-002 candidate has same ticker/name. Source: https://www.kraken.com/legal/mica-whitepapers/history"
"AIR","AIR","airian|spacebar","UNVERIFIED","","UNVERIFIED_NO_CURRENT_KRAKEN_PAIR_BRIDGE","No unique independently verified CoinGecko-to-Kraken identity bridge; no inference applied."
"AIXBT","AIXBT","aixbt","APPROVED","aixbt","UNIQUE_CURRENT_KRAKEN_PAIR_BRIDGE","CoinGecko/Kraken bridge count evidence: aixbt:2"
"AKT","AKT","akash-network|akita-inu-2","APPROVED","akash-network","UNIQUE_CURRENT_KRAKEN_PAIR_BRIDGE","CoinGecko/Kraken bridge count evidence: akash-network:2|akita-inu-2:0"
"ALCH","ALCH","alchemist-ai","APPROVED","alchemist-ai","KRAKEN_ASSET_PAGE_NAME_TICKER","Kraken identifies Alchemist AI (ALCH); AF-002 candidate matches. Source: https://www.kraken.com/prices/alchemist-ai"
"ALCX","ALCX","alchemix","APPROVED","alchemix","UNIQUE_CURRENT_KRAKEN_PAIR_BRIDGE","CoinGecko/Kraken bridge count evidence: alchemix:1"
"ALGO","ALGO","algorand|dear-algorithm","APPROVED","algorand","UNIQUE_CURRENT_KRAKEN_PAIR_BRIDGE","CoinGecko/Kraken bridge count evidence: algorand:6|dear-algorithm:0"
"ALICE","ALICE","alice-2|alice-4|my-neighbor-alice","APPROVED","my-neighbor-alice","UNIQUE_CURRENT_KRAKEN_PAIR_BRIDGE","CoinGecko/Kraken bridge count evidence: alice-2:0|alice-4:0|my-neighbor-alice:1"
"ALPHA","ALPHA","alpha-3|alpha-4|alpha-6|alphaarc|alphablockai|alpha-fi|alpha-finance","APPROVED","alpha-finance","UNIQUE_CURRENT_KRAKEN_PAIR_BRIDGE","CoinGecko/Kraken bridge count evidence: alpha-3:0|alpha-4:0|alpha-6:0|alphaarc:0|alphablockai:0|alpha-fi:0|alpha-finance:2"
"ALT","ALT","alitas|alt|altcoin-2|altdeer|altlayer","APPROVED","altlayer","UNIQUE_CURRENT_KRAKEN_PAIR_BRIDGE","CoinGecko/Kraken bridge count evidence: alitas:0|alt:0|altcoin-2:0|altdeer:0|altlayer:2"
"ANKR","ANKR","ankr","APPROVED","ankr","UNIQUE_CURRENT_KRAKEN_PAIR_BRIDGE","CoinGecko/Kraken bridge count evidence: ankr:2"
"ANLOG","ANLOG","analog","APPROVED","analog","KRAKEN_MICA_HISTORY_NAME_TICKER","Kraken historical registry preserves Analog (ANLOG); AF-002 candidate matches. Source: https://www.kraken.com/legal/mica-whitepapers/history"
"ANON","ANON","anon-2|anon-ton|anonymous|anonymous-coin-2|heyanon|super-anon","APPROVED","heyanon","UNIQUE_CURRENT_KRAKEN_PAIR_BRIDGE","CoinGecko/Kraken bridge count evidence: anon-2:0|anon-ton:0|anonymous:0|anonymous-coin-2:0|heyanon:2|super-anon:0"
"APE","APE","ape-3|apecoin|ape-lol|apetos","APPROVED","apecoin","UNIQUE_CURRENT_KRAKEN_PAIR_BRIDGE","CoinGecko/Kraken bridge count evidence: ape-3:0|apecoin:2|ape-lol:0|apetos:0"
"APENFT","APENFT","","UNVERIFIED","","UNVERIFIED_NO_CURRENT_KRAKEN_PAIR_BRIDGE","No unique independently verified CoinGecko-to-Kraken identity bridge; no inference applied."
"API3","API3","api3","APPROVED","api3","UNIQUE_CURRENT_KRAKEN_PAIR_BRIDGE","CoinGecko/Kraken bridge count evidence: api3:2"
"APT","APT","aptos","APPROVED","aptos","UNIQUE_CURRENT_KRAKEN_PAIR_BRIDGE","CoinGecko/Kraken bridge count evidence: aptos:2"
"APU","APU","apu|apu-apustaja|apu-apustaja-sol|apu-s-club|based-apu","APPROVED","apu-s-club","UNIQUE_CURRENT_KRAKEN_PAIR_BRIDGE","CoinGecko/Kraken bridge count evidence: apu:0|apu-apustaja:0|apu-apustaja-sol:0|apu-s-club:2|based-apu:0"
"AR","AR","arweave","APPROVED","arweave","UNIQUE_CURRENT_KRAKEN_PAIR_BRIDGE","CoinGecko/Kraken bridge count evidence: arweave:1"
"ARB","ARB","arbitrage-loop|arbitrum","APPROVED","arbitrum","UNIQUE_CURRENT_KRAKEN_PAIR_BRIDGE","CoinGecko/Kraken bridge count evidence: arbitrage-loop:0|arbitrum:2"
"ARC","ARC","ai-rig-complex|arc|arcadeum|archly-finance|reactor-3|redemption-arc","APPROVED","ai-rig-complex","KRAKEN_ASSET_PAGE_NAME_TICKER","Kraken identifies AI Rig Complex (ARC); selects AF-002 ai-rig-complex over same-ticker alternatives. Source: https://www.kraken.com/prices/ai-rig-complex"
"ARKM","ARKM","arkham","APPROVED","arkham","UNIQUE_CURRENT_KRAKEN_PAIR_BRIDGE","CoinGecko/Kraken bridge count evidence: arkham:2"
"ARPA","ARPA","arpa","APPROVED","arpa","UNIQUE_CURRENT_KRAKEN_PAIR_BRIDGE","CoinGecko/Kraken bridge count evidence: arpa:1"
"ASRR","ASRR","assisterr-ai","APPROVED","assisterr-ai","KRAKEN_MICA_HISTORY_NAME_TICKER","Kraken registry identifies Assisterr (ASRR); AF-002 candidate Assisterr AI uses same unique ticker/project. Source: https://www.kraken.com/legal/mica-whitepapers/history"
"ASTR","ASTR","astar|soneium-bridged-astar-soneium","APPROVED","astar","UNIQUE_CURRENT_KRAKEN_PAIR_BRIDGE","CoinGecko/Kraken bridge count evidence: astar:2|soneium-bridged-astar-soneium:0"
"ATH","ATH","aethir|ath|athenadao-token|high-af","APPROVED","aethir","UNIQUE_CURRENT_KRAKEN_PAIR_BRIDGE","CoinGecko/Kraken bridge count evidence: aethir:2|ath:0|athenadao-token:0|high-af:0"
"ATLAS","ATLAS","atlas-2|maga-dog|star-atlas","APPROVED","star-atlas","KRAKEN_ASSET_PAGE_NAME_TICKER","Kraken identifies Star Atlas (ATLAS) and listing history predates Q2; selects AF-002 Star Atlas. Source: https://www.kraken.com/prices/star-atlas"
"ATOM","ATOM","cosmos","APPROVED","cosmos","UNIQUE_CURRENT_KRAKEN_PAIR_BRIDGE","CoinGecko/Kraken bridge count evidence: cosmos:5"
"AUCTION","AUCTION","auction|house-3","APPROVED","auction","UNIQUE_CURRENT_KRAKEN_PAIR_BRIDGE","CoinGecko/Kraken bridge count evidence: auction:1|house-3:0"
"AUDIO","AUDIO","audius","APPROVED","audius","UNIQUE_CURRENT_KRAKEN_PAIR_BRIDGE","CoinGecko/Kraken bridge count evidence: audius:1"
"AVAAI","AVAAI","","UNVERIFIED","","UNVERIFIED_NO_CURRENT_KRAKEN_PAIR_BRIDGE","No unique independently verified CoinGecko-to-Kraken identity bridge; no inference applied."
"AVAX","AVAX","avalanche-2|avalanche-wormhole|beam-bridged-avax-beam|binance-peg-avalanche","APPROVED","avalanche-2","UNIQUE_CURRENT_KRAKEN_PAIR_BRIDGE","CoinGecko/Kraken bridge count evidence: avalanche-2:3|avalanche-wormhole:0|beam-bridged-avax-beam:0|binance-peg-avalanche:0"
"AXS","AXS","axie-infinity","APPROVED","axie-infinity","UNIQUE_CURRENT_KRAKEN_PAIR_BRIDGE","CoinGecko/Kraken bridge count evidence: axie-infinity:2"
"B3","B3","b3","APPROVED","b3","UNIQUE_CURRENT_KRAKEN_PAIR_BRIDGE","CoinGecko/Kraken bridge count evidence: b3:1"
"BABY","BABY","a-fund-baby|baby|baby-2|babylon|baby-samo-coin|babyswap|dancing-baby|deer-seized-by-us-government|niche-baby","APPROVED","babylon","UNIQUE_CURRENT_KRAKEN_PAIR_BRIDGE","CoinGecko/Kraken bridge count evidence: a-fund-baby:0|baby:0|baby-2:0|babylon:2|baby-samo-coin:0|babyswap:0|dancing-baby:0|deer-seized-by-us-government:0|niche-baby:0"
"BADGER","BADGER","badger-badger-badger|badger-dao","APPROVED","badger-dao","UNIQUE_CURRENT_KRAKEN_PAIR_BRIDGE","CoinGecko/Kraken bridge count evidence: badger-badger-badger:0|badger-dao:1"
"BAL","BAL","balancer","APPROVED","balancer","UNIQUE_CURRENT_KRAKEN_PAIR_BRIDGE","CoinGecko/Kraken bridge count evidence: balancer:2"
"BANANAS31","BANANAS31","banana-for-scale-2","APPROVED","banana-for-scale-2","UNIQUE_CURRENT_KRAKEN_PAIR_BRIDGE","CoinGecko/Kraken bridge count evidence: banana-for-scale-2:2"
"BAND","BAND","band-protocol","APPROVED","band-protocol","UNIQUE_CURRENT_KRAKEN_PAIR_BRIDGE","CoinGecko/Kraken bridge count evidence: band-protocol:2"
"BAT","BAT","basic-attention-token|batic|bitbat-token","APPROVED","basic-attention-token","UNIQUE_CURRENT_KRAKEN_PAIR_BRIDGE","CoinGecko/Kraken bridge count evidence: basic-attention-token:2|batic:0|bitbat-token:0"
"BCH","BCH","binance-peg-bitcoin-cash|bitcoin-cash","APPROVED","bitcoin-cash","UNIQUE_CURRENT_KRAKEN_PAIR_BRIDGE","CoinGecko/Kraken bridge count evidence: binance-peg-bitcoin-cash:0|bitcoin-cash:6"
"BDXN","BDXN","bondex","APPROVED","bondex","KRAKEN_ASSET_PAGE_NAME_TICKER","Kraken identifies Bondex (BDXN); AF-002 candidate matches. Source: https://www.kraken.com/prices/bondex"
"BEAM","BEAM","beam|beam-2","APPROVED","beam-2","UNIQUE_CURRENT_KRAKEN_PAIR_BRIDGE","CoinGecko/Kraken bridge count evidence: beam:0|beam-2:2"
"BERA","BERA","berachain-bera","APPROVED","berachain-bera","UNIQUE_CURRENT_KRAKEN_PAIR_BRIDGE","CoinGecko/Kraken bridge count evidence: berachain-bera:2"
"BICO","BICO","biconomy","APPROVED","biconomy","UNIQUE_CURRENT_KRAKEN_PAIR_BRIDGE","CoinGecko/Kraken bridge count evidence: biconomy:1"
"BIGTIME","BIGTIME","big-time","APPROVED","big-time","UNIQUE_CURRENT_KRAKEN_PAIR_BRIDGE","CoinGecko/Kraken bridge count evidence: big-time:1"
"BIO","BIO","bio-protocol|bio-unit-000","APPROVED","bio-protocol","UNIQUE_CURRENT_KRAKEN_PAIR_BRIDGE","CoinGecko/Kraken bridge count evidence: bio-protocol:2|bio-unit-000:0"
"BIT","BIT","biconomy-exchange-token|bitdao|bitdealer","APPROVED","bitdao","KRAKEN_HISTORICAL_LISTING_NAME_TICKER","Kraken explicitly listed BitDAO (BIT); selects AF-002 bitdao over same-ticker alternatives. Source: https://blog.kraken.com/product/trading-for-adx-bit-chr-and-more-starts-june-9-deposit-now"
"BLUR","BLUR","blur","APPROVED","blur","UNIQUE_CURRENT_KRAKEN_PAIR_BRIDGE","CoinGecko/Kraken bridge count evidence: blur:2"
"BLZ","BLZ","bluzelle","APPROVED","bluzelle","UNIQUE_CURRENT_KRAKEN_PAIR_BRIDGE","CoinGecko/Kraken bridge count evidence: bluzelle:1"
"BMT","BMT","bitcoin-maxi-tears-2|bubblemaps","APPROVED","bubblemaps","UNIQUE_CURRENT_KRAKEN_PAIR_BRIDGE","CoinGecko/Kraken bridge count evidence: bitcoin-maxi-tears-2:0|bubblemaps:2"
"BNB","BNB","anubis-bridged-bnb-anubis|binancecoin","APPROVED","binancecoin","UNIQUE_CURRENT_KRAKEN_PAIR_BRIDGE","CoinGecko/Kraken bridge count evidence: anubis-bridged-bnb-anubis:0|binancecoin:4"
"BNC","BNC","bifrost-native-coin|bnc","APPROVED","bifrost-native-coin","KRAKEN_HISTORICAL_LISTING_NAME_TICKER","Kraken explicitly identifies Bifrost (BNC); selects AF-002 bifrost-native-coin. Source: https://blog.kraken.com/product/trading-for-toke-movr-pha-and-more-starts-now-for-the-usa-and-ca"
"BNT","BNT","bancor","APPROVED","bancor","UNIQUE_CURRENT_KRAKEN_PAIR_BRIDGE","CoinGecko/Kraken bridge count evidence: bancor:2"
"BOBA","BOBA","bobacat|boba-network","APPROVED","boba-network","UNIQUE_CURRENT_KRAKEN_PAIR_BRIDGE","CoinGecko/Kraken bridge count evidence: bobacat:0|boba-network:2"
"BODEN","BODEN","jeo-boden","APPROVED","jeo-boden","UNIQUE_CURRENT_KRAKEN_PAIR_BRIDGE","CoinGecko/Kraken bridge count evidence: jeo-boden:1"
"BOND","BOND","barnbridge","APPROVED","barnbridge","KRAKEN_ASSET_PAGE_NAME_TICKER","Kraken identifies BarnBridge (BOND); AF-002 candidate matches. Source: https://www.kraken.com/prices/barnbridge"
"BONK","BONK","based-bonk|bonk|bonk-on-base|bonk-on-eth","APPROVED","bonk","UNIQUE_CURRENT_KRAKEN_PAIR_BRIDGE","CoinGecko/Kraken bridge count evidence: based-bonk:0|bonk:2|bonk-on-base:0|bonk-on-eth:0"
"BRICK","BRICK","brickcoin|brickton","UNVERIFIED","","UNVERIFIED_NO_CURRENT_KRAKEN_PAIR_BRIDGE","No unique independently verified CoinGecko-to-Kraken identity bridge; no inference applied."
"BSX","BSX","basex|basilisk","APPROVED","basilisk","KRAKEN_HISTORICAL_LISTING_NAME_TICKER","Kraken historical listing identifies Basilisk (BSX); selects AF-002 basilisk. Source: https://blog.kraken.com/product/trading-for-toke-movr-pha-and-more-starts-now-for-the-usa-and-ca"
"BTT","BTT","bittorrent","APPROVED","bittorrent","UNIQUE_CURRENT_KRAKEN_PAIR_BRIDGE","CoinGecko/Kraken bridge count evidence: bittorrent:2"
"C98","C98","coin98","APPROVED","coin98","UNIQUE_CURRENT_KRAKEN_PAIR_BRIDGE","CoinGecko/Kraken bridge count evidence: coin98:1"
"CAKE","CAKE","pancakeswap-token","APPROVED","pancakeswap-token","UNIQUE_CURRENT_KRAKEN_PAIR_BRIDGE","CoinGecko/Kraken bridge count evidence: pancakeswap-token:1"
"CAT","CAT","cat-2|cat-3|cat-call-agent|cat-cat-token|catcoin|catcoin-bsc|catcoin-cash|catcoin-eth|caterpillar-dinari-tokenized-stock|cat-inu|catson|cat-terminal|cat-token|simon-s-cat|sol-cat","APPROVED","simon-s-cat","UNIQUE_CURRENT_KRAKEN_PAIR_BRIDGE","CoinGecko/Kraken bridge count evidence: cat-2:0|cat-3:0|cat-call-agent:0|cat-cat-token:0|catcoin:0|catcoin-bsc:0|catcoin-cash:0|catcoin-eth:0|caterpillar-dinari-tokenized-stock:0|cat-inu:0|catson:0|cat-terminal:0|cat-token:0|simon-s-cat:1|sol-cat:0"
"CELO","CELO","celo","APPROVED","celo","UNIQUE_CURRENT_KRAKEN_PAIR_BRIDGE","CoinGecko/Kraken bridge count evidence: celo:2"
"CELR","CELR","celer-network","APPROVED","celer-network","UNIQUE_CURRENT_KRAKEN_PAIR_BRIDGE","CoinGecko/Kraken bridge count evidence: celer-network:2"
"CFG","CFG","centrifuge|centrifuge-2","APPROVED","centrifuge","UNIQUE_CURRENT_KRAKEN_PAIR_BRIDGE","CoinGecko/Kraken bridge count evidence: centrifuge:2|centrifuge-2:0"
"CHEEMS","CHEEMS","cheems|cheems-cto|cheems-token|og-cheems","APPROVED","cheems-token","UNIQUE_CURRENT_KRAKEN_PAIR_BRIDGE","CoinGecko/Kraken bridge count evidence: cheems:0|cheems-cto:0|cheems-token:1|og-cheems:0"
"CHEX","CHEX","chex-token","APPROVED","chex-token","UNIQUE_CURRENT_KRAKEN_PAIR_BRIDGE","CoinGecko/Kraken bridge count evidence: chex-token:1"
"CHR","CHR","chromaway|chronos-finance","APPROVED","chromaway","UNIQUE_CURRENT_KRAKEN_PAIR_BRIDGE","CoinGecko/Kraken bridge count evidence: chromaway:1|chronos-finance:0"
"CHZ","CHZ","chiliz","APPROVED","chiliz","UNIQUE_CURRENT_KRAKEN_PAIR_BRIDGE","CoinGecko/Kraken bridge count evidence: chiliz:1"
"CLANKER","CLANKER","clanker|clanker-2|tokenbot-2","APPROVED","tokenbot-2","UNIQUE_CURRENT_KRAKEN_PAIR_BRIDGE","CoinGecko/Kraken bridge count evidence: clanker:0|clanker-2:0|tokenbot-2:1"
"CLOUD","CLOUD","cloudai|cloudbase|crypto-clouds|decloud|sanctum-2","APPROVED","sanctum-2","UNIQUE_CURRENT_KRAKEN_PAIR_BRIDGE","CoinGecko/Kraken bridge count evidence: cloudai:0|cloudbase:0|crypto-clouds:0|decloud:0|sanctum-2:1"
"CLV","CLV","clevernode|clover-finance","APPROVED","clover-finance","KRAKEN_HISTORICAL_LISTING_NAME_TICKER","Kraken explicitly listed Clover Finance (CLV); selects AF-002 clover-finance. Source: https://blog.kraken.com/product/asset-listings/acx-clv-and-flux-are-available-for-trading"
"CMETH","CMETH","mantle-restaked-eth","APPROVED","mantle-restaked-eth","KRAKEN_ASSET_PAGE_NAME_TICKER","Kraken identifies Mantle Restaked ETH (CMETH); AF-002 candidate matches. Source: https://www.kraken.com/prices/mantle-restaked-eth"
"COMP","COMP","compound-governance-token","APPROVED","compound-governance-token","UNIQUE_CURRENT_KRAKEN_PAIR_BRIDGE","CoinGecko/Kraken bridge count evidence: compound-governance-token:2"
"COOKIE","COOKIE","cookie|cookiebase","APPROVED","cookie","UNIQUE_CURRENT_KRAKEN_PAIR_BRIDGE","CoinGecko/Kraken bridge count evidence: cookie:1|cookiebase:0"
"CORN","CORN","corn-2|corn-3|solanacorn","APPROVED","corn-3","KRAKEN_PROJECT_PLUS_COINGECKO_CANONICAL_ID","Kraken identifies CORN as the native token of the Corn BTCFi network with 2.1B supply; CoinGecko corn-3 identifies usecorn.com Corn with 2.1B supply and API ID corn-3. Source: https://blog.kraken.com/product/asset-listings/corn-is-available-for-trading Secondary source: https://www.coingecko.com/en/coins/corn-3"
"COTI","COTI","coti","APPROVED","coti","UNIQUE_CURRENT_KRAKEN_PAIR_BRIDGE","CoinGecko/Kraken bridge count evidence: coti:2"
"COW","COW","cow|cowcoin-2|cow-protocol|perpetual-cow","APPROVED","cow-protocol","UNIQUE_CURRENT_KRAKEN_PAIR_BRIDGE","CoinGecko/Kraken bridge count evidence: cow:0|cowcoin-2:0|cow-protocol:2|perpetual-cow:0"
"CPOOL","CPOOL","clearpool","APPROVED","clearpool","UNIQUE_CURRENT_KRAKEN_PAIR_BRIDGE","CoinGecko/Kraken bridge count evidence: clearpool:2"
"CQT","CQT","","APPROVED","covalent-x-token","KRAKEN_MIGRATION_PLUS_COINGECKO_REFERENCE","Kraken explicitly documents the 1:1 CQT to CXT migration and listing of CXT; CoinGecko reference evidence identifies Covalent X Token as covalent-x-token / CXT. Source: https://support.kraken.com/articles/important-information-on-cqt-covalent Secondary source: candidate-analysis/CFA-Stage2-Expanded-CoinGecko-Candidates.csv"
"CRO","CRO","cronos-zkevm-bridged-cro-cronos-zkevm|crypto-com-chain","APPROVED","crypto-com-chain","UNIQUE_CURRENT_KRAKEN_PAIR_BRIDGE","CoinGecko/Kraken bridge count evidence: cronos-zkevm-bridged-cro-cronos-zkevm:0|crypto-com-chain:3"
"CRV","CRV","bridged-curve-dao-token-stargate|curve-dao-token","APPROVED","curve-dao-token","UNIQUE_CURRENT_KRAKEN_PAIR_BRIDGE","CoinGecko/Kraken bridge count evidence: bridged-curve-dao-token-stargate:0|curve-dao-token:2"
"CSM","CSM","","UNVERIFIED","","UNVERIFIED_NO_CURRENT_KRAKEN_PAIR_BRIDGE","No unique independently verified CoinGecko-to-Kraken identity bridge; no inference applied."
"CTSI","CTSI","cartesi","APPROVED","cartesi","UNIQUE_CURRENT_KRAKEN_PAIR_BRIDGE","CoinGecko/Kraken bridge count evidence: cartesi:1"
"CVC","CVC","civic","APPROVED","civic","UNIQUE_CURRENT_KRAKEN_PAIR_BRIDGE","CoinGecko/Kraken bridge count evidence: civic:1"
"CVX","CVX","chevron-corp-dinari-tokenized-stock|convex-finance","APPROVED","convex-finance","UNIQUE_CURRENT_KRAKEN_PAIR_BRIDGE","CoinGecko/Kraken bridge count evidence: chevron-corp-dinari-tokenized-stock:0|convex-finance:2"
"CXT","CXT","covalent-x-token","APPROVED","covalent-x-token","UNIQUE_CURRENT_KRAKEN_PAIR_BRIDGE","CoinGecko/Kraken bridge count evidence: covalent-x-token:2"
"CYBER","CYBER","cyberconnect|cyberpunk-city","APPROVED","cyberconnect","UNIQUE_CURRENT_KRAKEN_PAIR_BRIDGE","CoinGecko/Kraken bridge count evidence: cyberconnect:2|cyberpunk-city:0"
"DAI","DAI","anubis-bridged-dai-anubis|avalanche-bridged-dai-avalanche|binance-peg-dai|bridged-dai|bridged-dai-stablecoin-linea|bridged-dai-starkgate|celer-bridged-dai-astar|crypto-com-bridged-dai-cronos|dai|dai-on-pulsechain|dai-pulsechain|harmony-horizon-bridged-dai-harmony-shard-0|l2-standard-bridged-dai-base|makerdao-arbitrum-bridged-dai-arbitrum-one|makerdao-arbitrum-nova-dai-bridge-arbitrum-nova|makerdao-optimism-bridged-dai-optimism|multichain-bridged-dai-energi|multichain-bridged-dai-fantom|multichain-bridged-dai-moonbeam|multichain-bridged-dai-moonriver|nova-dai|omnibridge-bridged-dai-gnosis-chain|polygon-pos-bridged-dai-polygon-pos|polygon-zkevm-bridged-dai-polygon-zkevm|rainbow-bridged-dai-aurora|rainbow-bridged-dai-near-protocol|starkgate-bridged-dai-v2-starknet|zksync-erc20-bridged-dai-zksync","APPROVED","dai","UNIQUE_CURRENT_KRAKEN_PAIR_BRIDGE","CoinGecko/Kraken bridge count evidence: anubis-bridged-dai-anubis:0|avalanche-bridged-dai-avalanche:0|binance-peg-dai:0|bridged-dai:0|bridged-dai-stablecoin-linea:0|bridged-dai-starkgate:0|celer-bridged-dai-astar:0|crypto-com-bridged-dai-cronos:0|dai:3|dai-on-pulsechain:0|dai-pulsechain:0|harmony-horizon-bridged-dai-harmony-shard-0:0|l2-standard-bridged-dai-base:0|makerdao-arbitrum-bridged-dai-arbitrum-one:0|makerdao-arbitrum-nova-dai-bridge-arbitrum-nova:0|makerdao-optimism-bridged-dai-optimism:0|multichain-bridged-dai-energi:0|multichain-bridged-dai-fantom:0|multichain-bridged-dai-moonbeam:0|multichain-bridged-dai-moonriver:0|nova-dai:0|omnibridge-bridged-dai-gnosis-chain:0|polygon-pos-bridged-dai-polygon-pos:0|polygon-zkevm-bridged-dai-polygon-zkevm:0|rainbow-bridged-dai-aurora:0|rainbow-bridged-dai-near-protocol:0|starkgate-bridged-dai-v2-starknet:0|zksync-erc20-bridged-dai-zksync:0"
"DASH","DASH","dash|dash-2","APPROVED","dash","UNIQUE_CURRENT_KRAKEN_PAIR_BRIDGE","CoinGecko/Kraken bridge count evidence: dash:2|dash-2:0"
"DBR","DBR","debridge|dola-borrowing-right","APPROVED","debridge","UNIQUE_CURRENT_KRAKEN_PAIR_BRIDGE","CoinGecko/Kraken bridge count evidence: debridge:1|dola-borrowing-right:0"
"DEEP","DEEP","deep|deeployer","APPROVED","deep","UNIQUE_CURRENT_KRAKEN_PAIR_BRIDGE","CoinGecko/Kraken bridge count evidence: deep:2|deeployer:0"
"DEGEN","DEGEN","degen-arena|degen-base|degenerate|degen-social-media|degenstogether|degen-the-otter-3|degen-the-otter-4","APPROVED","degen-base","UNIQUE_CURRENT_KRAKEN_PAIR_BRIDGE","CoinGecko/Kraken bridge count evidence: degen-arena:0|degen-base:2|degenerate:0|degen-social-media:0|degenstogether:0|degen-the-otter-3:0|degen-the-otter-4:0"
"DENT","DENT","dent","APPROVED","dent","UNIQUE_CURRENT_KRAKEN_PAIR_BRIDGE","CoinGecko/Kraken bridge count evidence: dent:4"
"DMC","DMC","decentralized-mining-exchange|delorean","APPROVED","delorean","UNIQUE_CURRENT_KRAKEN_PAIR_BRIDGE","CoinGecko/Kraken bridge count evidence: decentralized-mining-exchange:0|delorean:1"
"DOG","DOG","base-dog|basic-dog-meme|dog-4|dog-go-to-the-moon-rune|its-just-a-dog|it-s-just-a-dog|just-a-dog|ledog-dog|nietzschean-dog|the-crypto-dog|the-doge-nft","APPROVED","dog-go-to-the-moon-rune","UNIQUE_CURRENT_KRAKEN_PAIR_BRIDGE","CoinGecko/Kraken bridge count evidence: base-dog:0|basic-dog-meme:0|dog-4:0|dog-go-to-the-moon-rune:2|its-just-a-dog:0|it-s-just-a-dog:0|just-a-dog:0|ledog-dog:0|nietzschean-dog:0|the-crypto-dog:0|the-doge-nft:0"
"DOGS","DOGS","doggensnout-skeptic|dogs-2|dont-tread-on-me|we-love-dogs","APPROVED","dogs-2","UNIQUE_CURRENT_KRAKEN_PAIR_BRIDGE","CoinGecko/Kraken bridge count evidence: doggensnout-skeptic:0|dogs-2:2|dont-tread-on-me:0|we-love-dogs:0"
"DOLO","DOLO","dolomite","APPROVED","dolomite","KRAKEN_ASSET_PAGE_NAME_TICKER","Kraken identifies Dolomite (DOLO); AF-002 candidate matches. Source: https://www.kraken.com/prices/dolomite"
"DOT","DOT","binance-peg-polkadot|dot|pippin-s-friend|polkadot|xcdot","APPROVED","polkadot","UNIQUE_CURRENT_KRAKEN_PAIR_BRIDGE","CoinGecko/Kraken bridge count evidence: binance-peg-polkadot:0|dot:0|pippin-s-friend:0|polkadot:7|xcdot:0"
"DRIFT","DRIFT","drift-protocol","APPROVED","drift-protocol","UNIQUE_CURRENT_KRAKEN_PAIR_BRIDGE","CoinGecko/Kraken bridge count evidence: drift-protocol:2"
"DRV","DRV","derive","APPROVED","derive","UNIQUE_CURRENT_KRAKEN_PAIR_BRIDGE","CoinGecko/Kraken bridge count evidence: derive:2"
"DUCK","DUCK","appduck-by-virtuals|dlp-duck-token|duckchain-token|duckcoin|duck-token|lemonade-stand-duck|the-duck","APPROVED","duckchain-token","UNIQUE_CURRENT_KRAKEN_PAIR_BRIDGE","CoinGecko/Kraken bridge count evidence: appduck-by-virtuals:0|dlp-duck-token:0|duckchain-token:2|duckcoin:0|duck-token:0|lemonade-stand-duck:0|the-duck:0"
"DYDX","DYDX","dydx-chain|dydx-wormhole","APPROVED","dydx-chain","KRAKEN_ASSET_PAGE_CHAIN_IDENTITY","Kraken identifies DYDX as dYdX operating on its own blockchain; selects AF-002 dydx-chain rather than Wormhole representation. Source: https://www.kraken.com/prices/dydx"
"DYM","DYM","dymension","APPROVED","dymension","UNIQUE_CURRENT_KRAKEN_PAIR_BRIDGE","CoinGecko/Kraken bridge count evidence: dymension:2"
"EDGE","EDGE","definitive|edge|edge-2|edgex","APPROVED","definitive","ADJUDICATED_KRAKEN_TEMPORAL_IDENTITY","Kraken Definitive/EDGE listed 2025-03-28; Kraken edgeX listed 2026-05-05 under EDGEX, after Q2."
"EGLD","EGLD","elrond-erd-2","APPROVED","elrond-erd-2","UNIQUE_CURRENT_KRAKEN_PAIR_BRIDGE","CoinGecko/Kraken bridge count evidence: elrond-erd-2:2"
"EIGEN","EIGEN","eigenlayer","APPROVED","eigenlayer","UNIQUE_CURRENT_KRAKEN_PAIR_BRIDGE","CoinGecko/Kraken bridge count evidence: eigenlayer:2"
"ELX","ELX","elixir-finance","APPROVED","elixir-finance","UNIQUE_CURRENT_KRAKEN_PAIR_BRIDGE","CoinGecko/Kraken bridge count evidence: elixir-finance:1"
"ENA","ENA","ethena","APPROVED","ethena","UNIQUE_CURRENT_KRAKEN_PAIR_BRIDGE","CoinGecko/Kraken bridge count evidence: ethena:2"
"ENJ","ENJ","enjincoin","APPROVED","enjincoin","UNIQUE_CURRENT_KRAKEN_PAIR_BRIDGE","CoinGecko/Kraken bridge count evidence: enjincoin:2"
"ENS","ENS","ethereum-name-service","APPROVED","ethereum-name-service","UNIQUE_CURRENT_KRAKEN_PAIR_BRIDGE","CoinGecko/Kraken bridge count evidence: ethereum-name-service:2"
"EOS","EOS","binance-peg-eos|eos","APPROVED","eos","KRAKEN_ASSET_PAGE_CANONICAL_TICKER","Kraken identifies canonical EOS (EOS); selects AF-002 eos rather than Binance-Peg EOS. Source: https://www.kraken.com/prices/eos"
"ESX","ESX","estatex","APPROVED","estatex","KRAKEN_MICA_HISTORY_NAME_TICKER","Kraken historical registry preserves EstateX (ESX); AF-002 candidate matches. Source: https://www.kraken.com/legal/mica-whitepapers/history"
"ETHFI","ETHFI","ether-fi","APPROVED","ether-fi","UNIQUE_CURRENT_KRAKEN_PAIR_BRIDGE","CoinGecko/Kraken bridge count evidence: ether-fi:2"
"ETHW","ETHW","ethereum-pow-iou","APPROVED","ethereum-pow-iou","KRAKEN_HISTORICAL_LISTING_NAME_TICKER","Kraken explicitly identifies EthereumPoW (ETHW); AF-002 candidate matches. Source: https://blog.kraken.com/product/asset-listings/ethereumpow-ethw-trading-starts-now-token-distribution"
"EUL","EUL","euler","APPROVED","euler","UNIQUE_CURRENT_KRAKEN_PAIR_BRIDGE","CoinGecko/Kraken bridge count evidence: euler:2"
"EUROP","EUROP","schuman-europ","APPROVED","schuman-europ","UNIQUE_CURRENT_KRAKEN_PAIR_BRIDGE","CoinGecko/Kraken bridge count evidence: schuman-europ:2"
"EURQ","EURQ","quantoz-eurq","APPROVED","quantoz-eurq","UNIQUE_CURRENT_KRAKEN_PAIR_BRIDGE","CoinGecko/Kraken bridge count evidence: quantoz-eurq:2"
"EURR","EURR","stablr-euro","APPROVED","stablr-euro","KRAKEN_ASSET_PAGE_NAME_TICKER","Kraken identifies Stablr Euro (EURR); capitalization variation is non-semantic. Source: https://www.kraken.com/prices/stablr-euro"
"EWT","EWT","energy-web-token|ishares-msci-taiwan-etf-robinhood-token","APPROVED","energy-web-token","UNIQUE_CURRENT_KRAKEN_PAIR_BRIDGE","CoinGecko/Kraken bridge count evidence: energy-web-token:2|ishares-msci-taiwan-etf-robinhood-token:0"
"FARM","FARM","farm-2|farmtown|harvest-finance|this-is-a-farm","APPROVED","harvest-finance","KRAKEN_HISTORICAL_LISTING_NAME_TICKER","Kraken explicitly identifies Harvest Finance (FARM); selects AF-002 harvest-finance. Source: https://blog.kraken.com/product/asset-listings/trading-for-ens-and-farm-starts-now-for-usa-and-ca"
"FARTCOIN","FARTCOIN","based-fartcoin|fartcoin","APPROVED","fartcoin","UNIQUE_CURRENT_KRAKEN_PAIR_BRIDGE","CoinGecko/Kraken bridge count evidence: based-fartcoin:0|fartcoin:3"
"FET","FET","fetch-ai","APPROVED","fetch-ai","UNIQUE_CURRENT_KRAKEN_PAIR_BRIDGE","CoinGecko/Kraken bridge count evidence: fetch-ai:2"
"FHE","FHE","mind-network","APPROVED","mind-network","KRAKEN_ASSET_PAGE_NAME_TICKER","Kraken identifies Mind Network (FHE); AF-002 candidate matches. Source: https://www.kraken.com/prices/mind-network"
"FIDA","FIDA","bonfida","APPROVED","bonfida","UNIQUE_CURRENT_KRAKEN_PAIR_BRIDGE","CoinGecko/Kraken bridge count evidence: bonfida:2"
"FIL","FIL","binance-peg-filecoin|filecoin","APPROVED","filecoin","UNIQUE_CURRENT_KRAKEN_PAIR_BRIDGE","CoinGecko/Kraken bridge count evidence: binance-peg-filecoin:0|filecoin:2"
"FIS","FIS","fidelity-national-information-services-dinari-tokenized-stock|stafi","APPROVED","stafi","UNIQUE_CURRENT_KRAKEN_PAIR_BRIDGE","CoinGecko/Kraken bridge count evidence: fidelity-national-information-services-dinari-tokenized-stock:0|stafi:2"
"FLOKI","FLOKI","floki","APPROVED","floki","UNIQUE_CURRENT_KRAKEN_PAIR_BRIDGE","CoinGecko/Kraken bridge count evidence: floki:1"
"FLOW","FLOW","flow|flow-agent|flow-state|pulsechain-flow|robinflow|stake-flow","APPROVED","flow","UNIQUE_CURRENT_KRAKEN_PAIR_BRIDGE","CoinGecko/Kraken bridge count evidence: flow:2|flow-agent:0|flow-state:0|pulsechain-flow:0|robinflow:0|stake-flow:0"
"FLR","FLR","flare-networks","APPROVED","flare-networks","UNIQUE_CURRENT_KRAKEN_PAIR_BRIDGE","CoinGecko/Kraken bridge count evidence: flare-networks:2"
"FLUX","FLUX","flux|zelcash","APPROVED","zelcash","UNIQUE_CURRENT_KRAKEN_PAIR_BRIDGE","CoinGecko/Kraken bridge count evidence: flux:0|zelcash:2"
"FLY","FLY","firefly-aerospace-inc-robinhood-token|fly-2|franklin|hyperfly","APPROVED","fly-2","KRAKEN_PROJECT_PLUS_COINGECKO_CANONICAL_ID","Kraken identifies FLY as the native token of Fly.trade in the Sonic ecosystem; CoinGecko fly-2 points to app.fly.trade and the same FLY project. Source: https://blog.kraken.com/product/asset-listings/fly-is-available-for-trading Secondary source: https://www.coingecko.com/en/coins/fly-2"
"FORTH","FORTH","ampleforth-governance-token","APPROVED","ampleforth-governance-token","UNIQUE_CURRENT_KRAKEN_PAIR_BRIDGE","CoinGecko/Kraken bridge count evidence: ampleforth-governance-token:2"
"FWOG","FWOG","based-fwog|fwog","APPROVED","fwog","UNIQUE_CURRENT_KRAKEN_PAIR_BRIDGE","CoinGecko/Kraken bridge count evidence: based-fwog:0|fwog:2"
"FXS","FXS","","UNVERIFIED","","UNVERIFIED_NO_CURRENT_KRAKEN_PAIR_BRIDGE","No unique independently verified CoinGecko-to-Kraken identity bridge; no inference applied."
"G","G","giants-protocol|g-token","APPROVED","g-token","UNIQUE_CURRENT_KRAKEN_PAIR_BRIDGE","CoinGecko/Kraken bridge count evidence: giants-protocol:0|g-token:1"
"GAL","GAL","galatasaray-fan-token|one-unchill-gal|project-galaxy","APPROVED","project-galaxy","KRAKEN_HISTORICAL_LISTING_NAME_TICKER","Kraken explicitly identifies Galxe (GAL); AF-002 project-galaxy is the Galxe candidate and records its later Gravity migration. Source: https://blog.kraken.com/product/trading-for-c98-gal-rpl-stg-and-syn-starts-september-29-deposit-now"
"GALA","GALA","gala","APPROVED","gala","UNIQUE_CURRENT_KRAKEN_PAIR_BRIDGE","CoinGecko/Kraken bridge count evidence: gala:2"
"GARI","GARI","gari-network","APPROVED","gari-network","KRAKEN_ASSET_PAGE_NAME_TICKER","Kraken identifies Gari Network (GARI); AF-002 candidate matches. Source: https://www.kraken.com/prices/gari-network"
"GFI","GFI","goldfinch|gravity-finance","APPROVED","goldfinch","UNIQUE_CURRENT_KRAKEN_PAIR_BRIDGE","CoinGecko/Kraken bridge count evidence: goldfinch:2|gravity-finance:0"
"GHIBLI","GHIBLI","ghiblicz|ghiblification","APPROVED","ghiblification","KRAKEN_MICA_WHITEPAPER_NAME_TICKER","Kraken whitepaper identifies Ghiblification (GHIBLI); AF-002 candidate matches. Source: https://assets-cms.kraken.com/files/51n36hrp/facade/3f5b5a99f699fa914a3dfa8d3603cedaab515ce3.pdf"
"GHST","GHST","aavegotchi","APPROVED","aavegotchi","UNIQUE_CURRENT_KRAKEN_PAIR_BRIDGE","CoinGecko/Kraken bridge count evidence: aavegotchi:2"
"GIGA","GIGA","gigachad-2|gigaswap","APPROVED","gigachad-2","UNIQUE_CURRENT_KRAKEN_PAIR_BRIDGE","CoinGecko/Kraken bridge count evidence: gigachad-2:2|gigaswap:0"
"GLMR","GLMR","moonbeam","APPROVED","moonbeam","UNIQUE_CURRENT_KRAKEN_PAIR_BRIDGE","CoinGecko/Kraken bridge count evidence: moonbeam:1"
"GMT","GMT","stepn","APPROVED","stepn","UNIQUE_CURRENT_KRAKEN_PAIR_BRIDGE","CoinGecko/Kraken bridge count evidence: stepn:2"
"GMX","GMX","gmx","APPROVED","gmx","UNIQUE_CURRENT_KRAKEN_PAIR_BRIDGE","CoinGecko/Kraken bridge count evidence: gmx:2"
"GNO","GNO","gnosis|linea-bridged-gno-linea","APPROVED","gnosis","UNIQUE_CURRENT_KRAKEN_PAIR_BRIDGE","CoinGecko/Kraken bridge count evidence: gnosis:1|linea-bridged-gno-linea:0"
"GOAT","GOAT","absolute-goat|goatcoin-2|goatseus-maximus|goatseus-maximus-on-eth|goat-trading|greatestofavaxtrenches|sonic-the-goat|wild-goat-coin-2-2","APPROVED","goatseus-maximus","UNIQUE_CURRENT_KRAKEN_PAIR_BRIDGE","CoinGecko/Kraken bridge count evidence: absolute-goat:0|goatcoin-2:0|goatseus-maximus:2|goatseus-maximus-on-eth:0|goat-trading:0|greatestofavaxtrenches:0|sonic-the-goat:0|wild-goat-coin-2-2:0"
"GRASS","GRASS","grass|grass-2","APPROVED","grass","UNIQUE_CURRENT_KRAKEN_PAIR_BRIDGE","CoinGecko/Kraken bridge count evidence: grass:1|grass-2:0"
"GRIFFAIN","GRIFFAIN","griffain","APPROVED","griffain","UNIQUE_CURRENT_KRAKEN_PAIR_BRIDGE","CoinGecko/Kraken bridge count evidence: griffain:2"
"GRT","GRT","the-graph","APPROVED","the-graph","UNIQUE_CURRENT_KRAKEN_PAIR_BRIDGE","CoinGecko/Kraken bridge count evidence: the-graph:2"
"GST","GST","","UNVERIFIED","","UNVERIFIED_NO_CURRENT_KRAKEN_PAIR_BRIDGE","No unique independently verified CoinGecko-to-Kraken identity bridge; no inference applied."
"GTC","GTC","gitcoin|global-trust-coin|gtech-coin","APPROVED","gitcoin","UNIQUE_CURRENT_KRAKEN_PAIR_BRIDGE","CoinGecko/Kraken bridge count evidence: gitcoin:2|global-trust-coin:0|gtech-coin:0"
"GUN","GUN","gunz","APPROVED","gunz","UNIQUE_CURRENT_KRAKEN_PAIR_BRIDGE","CoinGecko/Kraken bridge count evidence: gunz:2"
"HDX","HDX","home-depot-xstock|hydradx","APPROVED","hydradx","UNIQUE_CURRENT_KRAKEN_PAIR_BRIDGE","CoinGecko/Kraken bridge count evidence: home-depot-xstock:0|hydradx:2"
"HFT","HFT","hashflow","APPROVED","hashflow","UNIQUE_CURRENT_KRAKEN_PAIR_BRIDGE","CoinGecko/Kraken bridge count evidence: hashflow:2"
"HIPPO","HIPPO","sudeng","APPROVED","sudeng","KRAKEN_ASSET_PAGE_NAME_TICKER","Kraken identifies sudeng (HIPPO); AF-002 candidate matches. Source: https://www.kraken.com/prices/sudeng"
"HMSTR","HMSTR","hamster-kombat","APPROVED","hamster-kombat","UNIQUE_CURRENT_KRAKEN_PAIR_BRIDGE","CoinGecko/Kraken bridge count evidence: hamster-kombat:2"
"HNT","HNT","helium","APPROVED","helium","UNIQUE_CURRENT_KRAKEN_PAIR_BRIDGE","CoinGecko/Kraken bridge count evidence: helium:1"
"HONEY","HONEY","hivemapper|honey-3","APPROVED","hivemapper","UNIQUE_CURRENT_KRAKEN_PAIR_BRIDGE","CoinGecko/Kraken bridge count evidence: hivemapper:2|honey-3:0"
"HPOS10I","HPOS10I","","UNVERIFIED","","UNVERIFIED_NO_CURRENT_KRAKEN_PAIR_BRIDGE","No unique independently verified CoinGecko-to-Kraken identity bridge; no inference applied."
"ICP","ICP","internet-computer","APPROVED","internet-computer","UNIQUE_CURRENT_KRAKEN_PAIR_BRIDGE","CoinGecko/Kraken bridge count evidence: internet-computer:2"
"ICX","ICX","icon","APPROVED","icon","KRAKEN_ASSET_PAGE_NAME_TICKER","Kraken identifies ICON (ICX); AF-002 candidate matches. Source: https://www.kraken.com/prices/icon"
"IDEX","IDEX","aurora-dao","APPROVED","aurora-dao","UNIQUE_CURRENT_KRAKEN_PAIR_BRIDGE","CoinGecko/Kraken bridge count evidence: aurora-dao:2"
"IMX","IMX","immutable-x","APPROVED","immutable-x","UNIQUE_CURRENT_KRAKEN_PAIR_BRIDGE","CoinGecko/Kraken bridge count evidence: immutable-x:2"
"INIT","INIT","init|initia","APPROVED","initia","UNIQUE_CURRENT_KRAKEN_PAIR_BRIDGE","CoinGecko/Kraken bridge count evidence: init:0|initia:1"
"INJ","INJ","injective-protocol","APPROVED","injective-protocol","UNIQUE_CURRENT_KRAKEN_PAIR_BRIDGE","CoinGecko/Kraken bridge count evidence: injective-protocol:2"
"INTR","INTR","","UNVERIFIED","","UNVERIFIED_NO_CURRENT_KRAKEN_PAIR_BRIDGE","No unique independently verified CoinGecko-to-Kraken identity bridge; no inference applied."
"IP","IP","","UNVERIFIED","","UNVERIFIED_NO_CURRENT_KRAKEN_PAIR_BRIDGE","No unique independently verified CoinGecko-to-Kraken identity bridge; no inference applied."
"JAILSTOOL","JAILSTOOL","stool-prisondente","APPROVED","stool-prisondente","KRAKEN_HISTORICAL_LISTING_NAME_TICKER","Kraken explicitly listed Stool Prisondente (JAILSTOOL); AF-002 candidate matches. Source: https://blog.kraken.com/product/asset-listings/jailstool-is-available-for-trading"
"JASMY","JASMY","jasmycoin","APPROVED","jasmycoin","UNIQUE_CURRENT_KRAKEN_PAIR_BRIDGE","CoinGecko/Kraken bridge count evidence: jasmycoin:2"
"JITOSOL","JITOSOL","jito-staked-sol","APPROVED","jito-staked-sol","KRAKEN_MICA_WHITEPAPER_NAME_TICKER","Kraken whitepaper identifies Jito Staked SOL (JITOSOL); AF-002 candidate matches. Source: https://assets-cms.kraken.com/files/51n36hrp/facade/21cd74d7f7c63e8dfaaabb3b29549fbaa7f59028.pdf"
"JST","JST","just","APPROVED","just","UNIQUE_CURRENT_KRAKEN_PAIR_BRIDGE","CoinGecko/Kraken bridge count evidence: just:2"
"JTO","JTO","jito-governance-token","APPROVED","jito-governance-token","UNIQUE_CURRENT_KRAKEN_PAIR_BRIDGE","CoinGecko/Kraken bridge count evidence: jito-governance-token:2"
"JUNO","JUNO","juno-agent|junocash|juno-network","APPROVED","juno-network","UNIQUE_CURRENT_KRAKEN_PAIR_BRIDGE","CoinGecko/Kraken bridge count evidence: juno-agent:0|junocash:0|juno-network:2"
"JUP","JUP","jupiter|jupiter-exchange-solana","APPROVED","jupiter-exchange-solana","UNIQUE_CURRENT_KRAKEN_PAIR_BRIDGE","CoinGecko/Kraken bridge count evidence: jupiter:0|jupiter-exchange-solana:2"
"K","K","sidekick","UNVERIFIED","","UNVERIFIED_NO_CURRENT_KRAKEN_PAIR_BRIDGE","No unique independently verified CoinGecko-to-Kraken identity bridge; no inference applied."
"KAITO","KAITO","kaito","APPROVED","kaito","UNIQUE_CURRENT_KRAKEN_PAIR_BRIDGE","CoinGecko/Kraken bridge count evidence: kaito:1"
"KAR","KAR","karura","APPROVED","karura","KRAKEN_HISTORICAL_LISTING_NAME_TICKER","Kraken explicitly identifies Karura (KAR); AF-002 candidate matches. Source: https://blog.kraken.com/news/karura-kar-trading-starts-july-20-deposit-now"
"KAS","KAS","kaspa","APPROVED","kaspa","UNIQUE_CURRENT_KRAKEN_PAIR_BRIDGE","CoinGecko/Kraken bridge count evidence: kaspa:2"
"KAVA","KAVA","kava","APPROVED","kava","UNIQUE_CURRENT_KRAKEN_PAIR_BRIDGE","CoinGecko/Kraken bridge count evidence: kava:2"
"KERNEL","KERNEL","kernel-2","APPROVED","kernel-2","UNIQUE_CURRENT_KRAKEN_PAIR_BRIDGE","CoinGecko/Kraken bridge count evidence: kernel-2:2"
"KEY","KEY","key-2|selfkey","APPROVED","selfkey","KRAKEN_HISTORICAL_LISTING_NAME_TICKER","Kraken explicitly identifies SelfKey (KEY); selects AF-002 selfkey. Source: https://blog.kraken.com/product/trading-for-btt-dent-key-and-unfi-starts-july-1-deposit-now"
"KILT","KILT","kilt-protocol-2","APPROVED","kilt-protocol-2","KRAKEN_HISTORICAL_LISTING_NAME_TICKER","AF-002 points to CoinGecko historical KILT record; Kraken historical listing identifies the same KILT Protocol ticker. Source: https://blog.kraken.com/product/trading-for-toke-movr-pha-and-more-starts-now-for-the-usa-and-ca"
"KIN","KIN","kin|kindred-labs","APPROVED","kin","KRAKEN_ASSET_PAGE_NAME_TICKER","Kraken identifies Kin (KIN); selects AF-002 kin over Kindred Labs. Source: https://www.kraken.com/prices/kin"
"KINT","KINT","","UNVERIFIED","","UNVERIFIED_NO_CURRENT_KRAKEN_PAIR_BRIDGE","No unique independently verified CoinGecko-to-Kraken identity bridge; no inference applied."
"KMNO","KMNO","kamino","APPROVED","kamino","UNIQUE_CURRENT_KRAKEN_PAIR_BRIDGE","CoinGecko/Kraken bridge count evidence: kamino:2"
"KNC","KNC","kyber-network-crystal","APPROVED","kyber-network-crystal","UNIQUE_CURRENT_KRAKEN_PAIR_BRIDGE","CoinGecko/Kraken bridge count evidence: kyber-network-crystal:1"
"KOBAN","KOBAN","koban","APPROVED","koban","KRAKEN_MICA_PROJECT_TICKER","Kraken whitepaper identifies Lucky Cat (KOBAN); AF-002 candidate id koban has exact KOBAN ticker. Source: https://assets-cms.kraken.com/files/51n36hrp/facade/7a760107f3bc2f673a3ddbdba5c28b542d18092b.pdf"
"KP3R","KP3R","keep3rv1","APPROVED","keep3rv1","KRAKEN_ASSET_PAGE_NAME_TICKER","Kraken identifies Keep3R/Keep3r Network (KP3R); AF-002 candidate Keep3rV1 has the same protocol ticker and candidate id lineage. Source: https://www.kraken.com/prices/keep3r"
"KSM","KSM","kusama","APPROVED","kusama","UNIQUE_CURRENT_KRAKEN_PAIR_BRIDGE","CoinGecko/Kraken bridge count evidence: kusama:3"
"L3","L3","layer3","APPROVED","layer3","UNIQUE_CURRENT_KRAKEN_PAIR_BRIDGE","CoinGecko/Kraken bridge count evidence: layer3:1"
"LAYER","LAYER","solayer|unilayer","APPROVED","solayer","UNIQUE_CURRENT_KRAKEN_PAIR_BRIDGE","CoinGecko/Kraken bridge count evidence: solayer:1|unilayer:0"
"LCX","LCX","lcx","APPROVED","lcx","UNIQUE_CURRENT_KRAKEN_PAIR_BRIDGE","CoinGecko/Kraken bridge count evidence: lcx:2"
"LDO","LDO","lido-dao|linea-bridged-ldo-linea","APPROVED","lido-dao","UNIQUE_CURRENT_KRAKEN_PAIR_BRIDGE","CoinGecko/Kraken bridge count evidence: lido-dao:2|linea-bridged-ldo-linea:0"
"LINK","LINK","chainlink|linea-bridged-link-linea|osmosis-alllink","APPROVED","chainlink","UNIQUE_CURRENT_KRAKEN_PAIR_BRIDGE","CoinGecko/Kraken bridge count evidence: chainlink:7|linea-bridged-link-linea:0|osmosis-alllink:0"
"LIT","LIT","lighter|lit|litentry|timeless","APPROVED","litentry","ADJUDICATED_KRAKEN_TEMPORAL_IDENTITY","Kraken LIT identifies Litentry; Lighter uses Kraken ticker LIGHTER and its token generation postdates Q2 2025."
"LMWR","LMWR","limewire-token","APPROVED","limewire-token","UNIQUE_CURRENT_KRAKEN_PAIR_BRIDGE","CoinGecko/Kraken bridge count evidence: limewire-token:2"
"LOCKIN","LOCKIN","lock-in","APPROVED","lock-in","KRAKEN_ASSET_PAGE_NAME_TICKER","Kraken identifies LOCK IN (LOCKIN); AF-002 candidate matches. Source: https://www.kraken.com/prices/lock-in"
"LOFI","LOFI","lofi-2","APPROVED","lofi-2","UNIQUE_CURRENT_KRAKEN_PAIR_BRIDGE","CoinGecko/Kraken bridge count evidence: lofi-2:1"
"LPT","LPT","livepeer","APPROVED","livepeer","KRAKEN_ASSET_PAGE_NAME_TICKER","Kraken identifies Livepeer (LPT); AF-002 candidate matches. Source: https://www.kraken.com/prices/livepeer"
"LQTY","LQTY","liquity","APPROVED","liquity","UNIQUE_CURRENT_KRAKEN_PAIR_BRIDGE","CoinGecko/Kraken bridge count evidence: liquity:2"
"LRC","LRC","loopring","APPROVED","loopring","UNIQUE_CURRENT_KRAKEN_PAIR_BRIDGE","CoinGecko/Kraken bridge count evidence: loopring:2"
"LSETH","LSETH","liquid-staked-ethereum","APPROVED","liquid-staked-ethereum","UNIQUE_CURRENT_KRAKEN_PAIR_BRIDGE","CoinGecko/Kraken bridge count evidence: liquid-staked-ethereum:2"
"LSK","LSK","lisk","APPROVED","lisk","UNIQUE_CURRENT_KRAKEN_PAIR_BRIDGE","CoinGecko/Kraken bridge count evidence: lisk:2"
"LUNA","LUNA","luna-by-virtuals|terra-luna-2","UNVERIFIED","","UNVERIFIED_NO_CURRENT_KRAKEN_PAIR_BRIDGE","No unique independently verified CoinGecko-to-Kraken identity bridge; no inference applied."
"LUNA2","LUNA2","","APPROVED","terra-luna-2","KRAKEN_PROJECT_PLUS_COINGECKO_REFERENCE","Kraken identifies Terra 2.0 native token LUNA2; CoinGecko reference evidence uniquely matches Terra to terra-luna-2 / LUNA. Source: https://www.kraken.com/prices/terra-2.0 Secondary source: candidate-analysis/CFA-Stage2-Expanded-CoinGecko-Candidates.csv"
"MANA","MANA","decentraland|decentraland-wormhole|meme-anarchic-numismatic-asset","APPROVED","decentraland","UNIQUE_CURRENT_KRAKEN_PAIR_BRIDGE","CoinGecko/Kraken bridge count evidence: decentraland:4|decentraland-wormhole:0|meme-anarchic-numismatic-asset:0"
"MASK","MASK","catwifmask|mask-network","APPROVED","mask-network","UNIQUE_CURRENT_KRAKEN_PAIR_BRIDGE","CoinGecko/Kraken bridge count evidence: catwifmask:0|mask-network:2"
"MAT","MAT","matchain|my-master-war","APPROVED","matchain","KRAKEN_HISTORICAL_LISTING_NAME_TICKER","Kraken explicitly identifies Matchain (MAT); selects AF-002 matchain. Source: https://blog.kraken.com/product/asset-listings/mat-is-available-for-trading"
"MC","MC","magic-crystal|marketcat|merit-circle|merry-christmas","APPROVED","merit-circle","KRAKEN_ASSET_PAGE_NAME_TICKER","Kraken identifies Merit Circle (MC); selects AF-002 Merit Circle. Source: https://www.kraken.com/prices/merit-circle"
"ME","ME","literally-me|magic-eden","APPROVED","magic-eden","KRAKEN_ASSET_PAGE_NAME_TICKER","Kraken identifies Magic Eden (ME); selects AF-002 magic-eden. Source: https://www.kraken.com/prices/magic-eden"
"MELANIA","MELANIA","melania-meme","APPROVED","melania-meme","UNIQUE_CURRENT_KRAKEN_PAIR_BRIDGE","CoinGecko/Kraken bridge count evidence: melania-meme:4"
"MEME","MEME","1-meme-can-change-your-life|memecoin-2|memetoon|most-elegant-monkey-ever|mpx6900","APPROVED","memecoin-2","UNIQUE_CURRENT_KRAKEN_PAIR_BRIDGE","CoinGecko/Kraken bridge count evidence: 1-meme-can-change-your-life:0|memecoin-2:2|memetoon:0|most-elegant-monkey-ever:0|mpx6900:0"
"METH","METH","mantle-staked-ether|mirrored-ether","APPROVED","mantle-staked-ether","UNIQUE_CURRENT_KRAKEN_PAIR_BRIDGE","CoinGecko/Kraken bridge count evidence: mantle-staked-ether:2|mirrored-ether:0"
"METIS","METIS","medusa-metis|metis-token","APPROVED","metis-token","UNIQUE_CURRENT_KRAKEN_PAIR_BRIDGE","CoinGecko/Kraken bridge count evidence: medusa-metis:0|metis-token:1"
"MEW","MEW","cat-in-a-dogs-world","APPROVED","cat-in-a-dogs-world","UNIQUE_CURRENT_KRAKEN_PAIR_BRIDGE","CoinGecko/Kraken bridge count evidence: cat-in-a-dogs-world:1"
"MICHI","MICHI","michi","APPROVED","michi","KRAKEN_MICA_HISTORY_NAME_TICKER","Kraken historical registry preserves Michi (MICHI); AF-002 candidate matches ignoring case. Source: https://www.kraken.com/legal/mica-whitepapers/history"
"MINA","MINA","mina-protocol","APPROVED","mina-protocol","UNIQUE_CURRENT_KRAKEN_PAIR_BRIDGE","CoinGecko/Kraken bridge count evidence: mina-protocol:3"
"MIR","MIR","mirror-chain|mirror-protocol|mir-token","APPROVED","mirror-protocol","UNIQUE_CURRENT_KRAKEN_PAIR_BRIDGE","CoinGecko/Kraken bridge count evidence: mirror-chain:0|mirror-protocol:2|mir-token:0"
"MKR","MKR","maker","APPROVED","maker","KRAKEN_ASSET_PAGE_NAME_TICKER","Kraken identifies Maker (MKR); AF-002 candidate matches. Source: https://www.kraken.com/prices/maker"
"MNGO","MNGO","mango-markets","APPROVED","mango-markets","KRAKEN_ASSET_PAGE_NAME_TICKER","Kraken identifies Mango Markets (MNGO); AF-002 candidate ID is mango-markets and name variant Mango. Source: https://www.kraken.com/prices/mango-markets"
"MNT","MNT","mantle|mundoteam","APPROVED","mantle","UNIQUE_CURRENT_KRAKEN_PAIR_BRIDGE","CoinGecko/Kraken bridge count evidence: mantle:2|mundoteam:0"
"MOG","MOG","based-mog-coin|mog|mog-cat|mog-coin","APPROVED","mog-coin","UNIQUE_CURRENT_KRAKEN_PAIR_BRIDGE","CoinGecko/Kraken bridge count evidence: based-mog-coin:0|mog:0|mog-cat:0|mog-coin:2"
"MOODENG","MOODENG","moo-deng|moo-deng-2","APPROVED","moo-deng","UNIQUE_CURRENT_KRAKEN_PAIR_BRIDGE","CoinGecko/Kraken bridge count evidence: moo-deng:1|moo-deng-2:0"
"MOON","MOON","black-unicorn-corp|honeymoon-token|just-mooncoin|lightspeed-to-the-moon|millionaire-out-of-nowhere|moon|moon-2|moon-3|moon-4|moonbase-2|moon-bay-2|mooncoin-4|moonflow|moon-inu|moon-moon","APPROVED","moon","KRAKEN_HISTORICAL_LISTING_NAME_TICKER","Kraken explicitly identifies r/CryptoCurrency Moons (MOON); selects AF-002 moon. Source: https://blog.kraken.com/product/asset-listings/brick-and-moon-trading-starts-today-on-spot-and-futures"
"MORPHO","MORPHO","morpho|morpho-2","APPROVED","morpho","UNIQUE_CURRENT_KRAKEN_PAIR_BRIDGE","CoinGecko/Kraken bridge count evidence: morpho:2|morpho-2:0"
"MOVE","MOVE","moveapp|movement","APPROVED","movement","KRAKEN_ASSET_PAGE_NAME_TICKER","Kraken identifies Movement (MOVE); selects AF-002 movement. Source: https://www.kraken.com/prices/movement"
"MOVR","MOVR","moonriver","APPROVED","moonriver","UNIQUE_CURRENT_KRAKEN_PAIR_BRIDGE","CoinGecko/Kraken bridge count evidence: moonriver:2"
"MSOL","MSOL","msol","APPROVED","msol","KRAKEN_ASSET_PAGE_NAME_TICKER","Kraken identifies Marinade staked SOL (MSOL); AF-002 candidate matches. Source: https://www.kraken.com/prices/marinade-staked-sol"
"MUBARAK","MUBARAK","mubarak|mubarak-sol","APPROVED","mubarak","UNIQUE_CURRENT_KRAKEN_PAIR_BRIDGE","CoinGecko/Kraken bridge count evidence: mubarak:1|mubarak-sol:0"
"MULTI","MULTI","multichain|multichain-bsc","APPROVED","multichain","UNIQUE_CURRENT_KRAKEN_PAIR_BRIDGE","CoinGecko/Kraken bridge count evidence: multichain:2|multichain-bsc:0"
"MV","MV","gensokishis-metaverse","APPROVED","gensokishis-metaverse","KRAKEN_ASSET_PAGE_NAME_TICKER","Kraken identifies GensoKishi Metaverse (MV); AF-002 candidate matches. Source: https://www.kraken.com/prices/gensokishi-metaverse"
"MXC","MXC","mxc","APPROVED","mxc","KRAKEN_HISTORICAL_LISTING_NAME_TICKER","Kraken explicitly listed MXC (MXC); AF-002 candidate matches. Source: https://blog.kraken.com/product/trading-for-egld-farm-forth-and-more-starts-june-16-deposit-now"
"NANO","NANO","nanopay","APPROVED","nano","KRAKEN_PROJECT_PLUS_COINGECKO_REFERENCE","Kraken identifies Nano under NANO; CoinGecko reference evidence uniquely matches current Nano record nano / XNO and exposes AF-002 nanopay as a ticker collision. Source: https://www.kraken.com/prices/nano Secondary source: candidate-analysis/CFA-Stage2-Expanded-CoinGecko-Candidates.csv"
"NEAR","NEAR","binance-peg-near-protocol|near|rainbow-bridged-near-ethereum","APPROVED","near","UNIQUE_CURRENT_KRAKEN_PAIR_BRIDGE","CoinGecko/Kraken bridge count evidence: binance-peg-near-protocol:0|near:2|rainbow-bridged-near-ethereum:0"
"NEIRO","NEIRO","neiro|neiro-2|neiro-3|neiro-4|neiro-on-tron","APPROVED","neiro-3","UNIQUE_CURRENT_KRAKEN_PAIR_BRIDGE","CoinGecko/Kraken bridge count evidence: neiro:0|neiro-2:0|neiro-3:1|neiro-4:0|neiro-on-tron:0"
"NIL","NIL","nillion","APPROVED","nillion","UNIQUE_CURRENT_KRAKEN_PAIR_BRIDGE","CoinGecko/Kraken bridge count evidence: nillion:2"
"NMR","NMR","numeraire","APPROVED","numeraire","UNIQUE_CURRENT_KRAKEN_PAIR_BRIDGE","CoinGecko/Kraken bridge count evidence: numeraire:2"
"NODL","NODL","nodle-network","APPROVED","nodle-network","KRAKEN_ASSET_PAGE_NAME_TICKER","Kraken identifies Nodle Network (NODL); AF-002 candidate matches. Source: https://www.kraken.com/prices/nodle-network"
"NOS","NOS","nosana","APPROVED","nosana","UNIQUE_CURRENT_KRAKEN_PAIR_BRIDGE","CoinGecko/Kraken bridge count evidence: nosana:1"
"NOT","NOT","notcoin|nothing-3","APPROVED","notcoin","UNIQUE_CURRENT_KRAKEN_PAIR_BRIDGE","CoinGecko/Kraken bridge count evidence: notcoin:2|nothing-3:0"
"NPC","NPC","non-playable-character|non-playable-coin|npc|npc-2","APPROVED","non-playable-coin","UNIQUE_CURRENT_KRAKEN_PAIR_BRIDGE","CoinGecko/Kraken bridge count evidence: non-playable-character:0|non-playable-coin:2|npc:0|npc-2:0"
"NTRN","NTRN","neutron-3","APPROVED","neutron-3","KRAKEN_ASSET_PAGE_NAME_TICKER","Kraken identifies Neutron (NTRN); AF-002 candidate matches. Source: https://www.kraken.com/prices/neutron"
"NYM","NYM","nym","APPROVED","nym","KRAKEN_ASSET_PAGE_NAME_TICKER","Kraken identifies Nym (NYM); AF-002 candidate matches. Source: https://www.kraken.com/prices/nym"
"OCEAN","OCEAN","ocean-2|ocean-protocol","APPROVED","ocean-protocol","UNIQUE_CURRENT_KRAKEN_PAIR_BRIDGE","CoinGecko/Kraken bridge count evidence: ocean-2:0|ocean-protocol:2"
"ODOS","ODOS","odos","APPROVED","odos","UNIQUE_CURRENT_KRAKEN_PAIR_BRIDGE","CoinGecko/Kraken bridge count evidence: odos:1"
"OGN","OGN","origin-protocol","APPROVED","origin-protocol","UNIQUE_CURRENT_KRAKEN_PAIR_BRIDGE","CoinGecko/Kraken bridge count evidence: origin-protocol:2"
"OM","OM","","APPROVED","mantra","KRAKEN_HISTORICAL_LISTING_PLUS_COINGECKO_REFERENCE","Kraken explicitly listed Mantra (OM) before Q2; CoinGecko current reference uniquely matches MANTRA to stable id mantra. Source: https://blog.kraken.com/product/asset-listings/om-is-available-for-trading Secondary source: candidate-analysis/CFA-Stage2-Expanded-CoinGecko-Candidates.csv"
"OMG","OMG","oh-my-god|omisego","APPROVED","omisego","UNIQUE_CURRENT_KRAKEN_PAIR_BRIDGE","CoinGecko/Kraken bridge count evidence: oh-my-god:0|omisego:1"
"OMNI","OMNI","omni-2|omnicat|omni-exchange-token|omni-launch|omni-network|omnis-genesis-by-virtuals","APPROVED","omni-network","KRAKEN_HISTORICAL_LISTING_NAME_TICKER","Kraken explicitly identifies Omni Network (OMNI); selects AF-002 stable candidate id omni-network whose current candidate name is Omni Network [Old]. Source: https://blog.kraken.com/product/asset-listings/omni-is-available-for-trading"
"ONDO","ONDO","ondo-finance","APPROVED","ondo-finance","UNIQUE_CURRENT_KRAKEN_PAIR_BRIDGE","CoinGecko/Kraken bridge count evidence: ondo-finance:2"
"OP","OP","one-path|optimism","APPROVED","optimism","UNIQUE_CURRENT_KRAKEN_PAIR_BRIDGE","CoinGecko/Kraken bridge count evidence: one-path:0|optimism:1"
"ORCA","ORCA","orca","APPROVED","orca","UNIQUE_CURRENT_KRAKEN_PAIR_BRIDGE","CoinGecko/Kraken bridge count evidence: orca:2"
"ORDER","ORDER","order-3|orderly-network","APPROVED","orderly-network","KRAKEN_ASSET_PAGE_NAME_TICKER","Kraken identifies Orderly Network (ORDER); selects AF-002 orderly-network / Orderly. Source: https://www.kraken.com/prices/orderly-network"
"OSMO","OSMO","osmosis","APPROVED","osmosis","UNIQUE_CURRENT_KRAKEN_PAIR_BRIDGE","CoinGecko/Kraken bridge count evidence: osmosis:2"
"OXT","OXT","orchid-protocol","APPROVED","orchid-protocol","UNIQUE_CURRENT_KRAKEN_PAIR_BRIDGE","CoinGecko/Kraken bridge count evidence: orchid-protocol:2"
"OXY","OXY","oxygen","APPROVED","oxygen","KRAKEN_ASSET_PAGE_NAME_TICKER","Kraken identifies Oxygen (OXY); AF-002 candidate specifies the Solana asset with same ticker/project. Source: https://www.kraken.com/prices/oxygen"
"PAXG","PAXG","pax-gold","APPROVED","pax-gold","UNIQUE_CURRENT_KRAKEN_PAIR_BRIDGE","CoinGecko/Kraken bridge count evidence: pax-gold:2"
"PDA","PDA","playdapp","APPROVED","playdapp","KRAKEN_ASSET_PAGE_NAME_TICKER","Kraken identifies PlayDapp (PDA); AF-002 candidate matches. Source: https://www.kraken.com/prices/playdapp"
"PENDLE","PENDLE","pendle","APPROVED","pendle","UNIQUE_CURRENT_KRAKEN_PAIR_BRIDGE","CoinGecko/Kraken bridge count evidence: pendle:2"
"PENGU","PENGU","pudgy-penguins","APPROVED","pudgy-penguins","UNIQUE_CURRENT_KRAKEN_PAIR_BRIDGE","CoinGecko/Kraken bridge count evidence: pudgy-penguins:4"
"PEPE","PEPE","baby-pepe-5|based-pepe|el-sapo-pepe|next-gen-pepe|pepe|pepe-0x69-on-base|pepe-2|pepebrc|pepecoin-on-sol|pepecoin-on-solana|pepe-cto|pepe-gold|pepe-in-hood|pepe-king-prawn|pepe-on-solana|pepesol|pepe-sol|pepe-solana|pepe-token|pepewifhood|the-chosen-frog","APPROVED","pepe","UNIQUE_CURRENT_KRAKEN_PAIR_BRIDGE","CoinGecko/Kraken bridge count evidence: baby-pepe-5:0|based-pepe:0|el-sapo-pepe:0|next-gen-pepe:0|pepe:4|pepe-0x69-on-base:0|pepe-2:0|pepebrc:0|pepecoin-on-sol:0|pepecoin-on-solana:0|pepe-cto:0|pepe-gold:0|pepe-in-hood:0|pepe-king-prawn:0|pepe-on-solana:0|pepesol:0|pepe-sol:0|pepe-solana:0|pepe-token:0|pepewifhood:0|the-chosen-frog:0"
"PERP","PERP","perpetual-protocol|perpolator","APPROVED","perpetual-protocol","UNIQUE_CURRENT_KRAKEN_PAIR_BRIDGE","CoinGecko/Kraken bridge count evidence: perpetual-protocol:2|perpolator:0"
"PHA","PHA","pha","APPROVED","pha","UNIQUE_CURRENT_KRAKEN_PAIR_BRIDGE","CoinGecko/Kraken bridge count evidence: pha:1"
"PLUME","PLUME","plume","APPROVED","plume","UNIQUE_CURRENT_KRAKEN_PAIR_BRIDGE","CoinGecko/Kraken bridge count evidence: plume:2"
"PNUT","PNUT","peanut-3|peanut-the-squirrel|pnut|pnut-the-squirrel","APPROVED","peanut-the-squirrel","UNIQUE_CURRENT_KRAKEN_PAIR_BRIDGE","CoinGecko/Kraken bridge count evidence: peanut-3:0|peanut-the-squirrel:2|pnut:0|pnut-the-squirrel:0"
"POL","POL","anubis-bridged-pol-anubis|katana-bridged-pol-katana|polygon-ecosystem-token|proof-of-liquidity","APPROVED","polygon-ecosystem-token","UNIQUE_CURRENT_KRAKEN_PAIR_BRIDGE","CoinGecko/Kraken bridge count evidence: anubis-bridged-pol-anubis:0|katana-bridged-pol-katana:0|polygon-ecosystem-token:2|proof-of-liquidity:0"
"POLIS","POLIS","polis|star-atlas-dao","APPROVED","star-atlas-dao","UNIQUE_CURRENT_KRAKEN_PAIR_BRIDGE","CoinGecko/Kraken bridge count evidence: polis:0|star-atlas-dao:1"
"POLS","POLS","polkastarter","APPROVED","polkastarter","UNIQUE_CURRENT_KRAKEN_PAIR_BRIDGE","CoinGecko/Kraken bridge count evidence: polkastarter:2"
"POND","POND","marlin","APPROVED","marlin","UNIQUE_CURRENT_KRAKEN_PAIR_BRIDGE","CoinGecko/Kraken bridge count evidence: marlin:2"
"PONKE","PONKE","ponke","APPROVED","ponke","UNIQUE_CURRENT_KRAKEN_PAIR_BRIDGE","CoinGecko/Kraken bridge count evidence: ponke:2"
"POPCAT","POPCAT","popcat","APPROVED","popcat","UNIQUE_CURRENT_KRAKEN_PAIR_BRIDGE","CoinGecko/Kraken bridge count evidence: popcat:3"
"PORTAL","PORTAL","portal-2","APPROVED","portal-2","UNIQUE_CURRENT_KRAKEN_PAIR_BRIDGE","CoinGecko/Kraken bridge count evidence: portal-2:1"
"POWR","POWR","power-ledger","APPROVED","power-ledger","UNIQUE_CURRENT_KRAKEN_PAIR_BRIDGE","CoinGecko/Kraken bridge count evidence: power-ledger:2"
"PRCL","PRCL","parcl","APPROVED","parcl","UNIQUE_CURRENT_KRAKEN_PAIR_BRIDGE","CoinGecko/Kraken bridge count evidence: parcl:2"
"PRIME","PRIME","echelon-prime|hastra-prime|prime-2","APPROVED","echelon-prime","UNIQUE_CURRENT_KRAKEN_PAIR_BRIDGE","CoinGecko/Kraken bridge count evidence: echelon-prime:2|hastra-prime:0|prime-2:0"
"PROMPT","PROMPT","promptbidder|wayfinder","APPROVED","wayfinder","UNIQUE_CURRENT_KRAKEN_PAIR_BRIDGE","CoinGecko/Kraken bridge count evidence: promptbidder:0|wayfinder:2"
"PSTAKE","PSTAKE","pstake-finance","APPROVED","pstake-finance","KRAKEN_ASSET_PAGE_NAME_TICKER","Kraken identifies pSTAKE Finance (PSTAKE); AF-002 candidate matches. Source: https://www.kraken.com/prices/pstake-finance"
"PUFFER","PUFFER","puffer-finance","APPROVED","puffer-finance","UNIQUE_CURRENT_KRAKEN_PAIR_BRIDGE","CoinGecko/Kraken bridge count evidence: puffer-finance:2"
"PYTH","PYTH","pyth-network","APPROVED","pyth-network","UNIQUE_CURRENT_KRAKEN_PAIR_BRIDGE","CoinGecko/Kraken bridge count evidence: pyth-network:2"
"PYUSD","PYUSD","paypal-usd","APPROVED","paypal-usd","UNIQUE_CURRENT_KRAKEN_PAIR_BRIDGE","CoinGecko/Kraken bridge count evidence: paypal-usd:1"
"QNT","QNT","quantinuum-inc-robinhood-token|quant-network","APPROVED","quant-network","UNIQUE_CURRENT_KRAKEN_PAIR_BRIDGE","CoinGecko/Kraken bridge count evidence: quantinuum-inc-robinhood-token:0|quant-network:2"
"QTUM","QTUM","qtum","APPROVED","qtum","UNIQUE_CURRENT_KRAKEN_PAIR_BRIDGE","CoinGecko/Kraken bridge count evidence: qtum:2"
"RAD","RAD","radicle","APPROVED","radicle","UNIQUE_CURRENT_KRAKEN_PAIR_BRIDGE","CoinGecko/Kraken bridge count evidence: radicle:1"
"RARE","RARE","superrare|superrarebears-rare","APPROVED","superrare","UNIQUE_CURRENT_KRAKEN_PAIR_BRIDGE","CoinGecko/Kraken bridge count evidence: superrare:2|superrarebears-rare:0"
"RARI","RARI","rarible","APPROVED","rarible","UNIQUE_CURRENT_KRAKEN_PAIR_BRIDGE","CoinGecko/Kraken bridge count evidence: rarible:2"
"RAY","RAY","raydium","APPROVED","raydium","UNIQUE_CURRENT_KRAKEN_PAIR_BRIDGE","CoinGecko/Kraken bridge count evidence: raydium:2"
"RBC","RBC","rubic","APPROVED","rubic","UNIQUE_CURRENT_KRAKEN_PAIR_BRIDGE","CoinGecko/Kraken bridge count evidence: rubic:1"
"RED","RED","redstone-oracles|red-token","APPROVED","redstone-oracles","UNIQUE_CURRENT_KRAKEN_PAIR_BRIDGE","CoinGecko/Kraken bridge count evidence: redstone-oracles:2|red-token:0"
"REN","REN","republic-protocol","APPROVED","republic-protocol","UNIQUE_CURRENT_KRAKEN_PAIR_BRIDGE","CoinGecko/Kraken bridge count evidence: republic-protocol:2"
"RENDER","RENDER","render-token","APPROVED","render-token","UNIQUE_CURRENT_KRAKEN_PAIR_BRIDGE","CoinGecko/Kraken bridge count evidence: render-token:2"
"REPV2","REPV2","","UNVERIFIED","","UNVERIFIED_NO_CURRENT_KRAKEN_PAIR_BRIDGE","No unique independently verified CoinGecko-to-Kraken identity bridge; no inference applied."
"REQ","REQ","request-network","APPROVED","request-network","UNIQUE_CURRENT_KRAKEN_PAIR_BRIDGE","CoinGecko/Kraken bridge count evidence: request-network:2"
"REZ","REZ","renzo","APPROVED","renzo","UNIQUE_CURRENT_KRAKEN_PAIR_BRIDGE","CoinGecko/Kraken bridge count evidence: renzo:2"
"RIZE","RIZE","rize","APPROVED","rize","UNIQUE_CURRENT_KRAKEN_PAIR_BRIDGE","CoinGecko/Kraken bridge count evidence: rize:2"
"RLC","RLC","iexec-rlc","APPROVED","iexec-rlc","UNIQUE_CURRENT_KRAKEN_PAIR_BRIDGE","CoinGecko/Kraken bridge count evidence: iexec-rlc:1"
"RLUSD","RLUSD","ripple-usd","APPROVED","ripple-usd","UNIQUE_CURRENT_KRAKEN_PAIR_BRIDGE","CoinGecko/Kraken bridge count evidence: ripple-usd:3"
"ROOK","ROOK","rook","APPROVED","rook","KRAKEN_ASSET_PAGE_PROJECT_TICKER","Kraken's KeeperDAO page describes Rook and the ROOK governance token; AF-002 candidate is Rook (ROOK). Source: https://www.kraken.com/buy/rook"
"RPL","RPL","rocket-pool","APPROVED","rocket-pool","UNIQUE_CURRENT_KRAKEN_PAIR_BRIDGE","CoinGecko/Kraken bridge count evidence: rocket-pool:2"
"RSR","RSR","reserve-rights-token","APPROVED","reserve-rights-token","UNIQUE_CURRENT_KRAKEN_PAIR_BRIDGE","CoinGecko/Kraken bridge count evidence: reserve-rights-token:2"
"RUJI","RUJI","rujira","APPROVED","rujira","UNIQUE_CURRENT_KRAKEN_PAIR_BRIDGE","CoinGecko/Kraken bridge count evidence: rujira:1"
"RUNE","RUNE","rune-2|thorchain","APPROVED","thorchain","UNIQUE_CURRENT_KRAKEN_PAIR_BRIDGE","CoinGecko/Kraken bridge count evidence: rune-2:0|thorchain:2"
"S","S","agent-s|sonic-3","APPROVED","sonic-3","UNIQUE_CURRENT_KRAKEN_PAIR_BRIDGE","CoinGecko/Kraken bridge count evidence: agent-s:0|sonic-3:4"
"SAFE","SAFE","safe|safe-2|safe-anwang|safecoin|safe-coin-2","APPROVED","safe","UNIQUE_CURRENT_KRAKEN_PAIR_BRIDGE","CoinGecko/Kraken bridge count evidence: safe:2|safe-2:0|safe-anwang:0|safecoin:0|safe-coin-2:0"
"SAGA","SAGA","saga-2","APPROVED","saga-2","UNIQUE_CURRENT_KRAKEN_PAIR_BRIDGE","CoinGecko/Kraken bridge count evidence: saga-2:1"
"SAHARA","SAHARA","sahara-ai","APPROVED","sahara-ai","KRAKEN_ASSET_PAGE_NAME_TICKER","Kraken identifies Sahara AI (SAHARA); AF-002 candidate matches. Source: https://www.kraken.com/prices/sahara-ai"
"SAMO","SAMO","samoyedcoin","APPROVED","samoyedcoin","UNIQUE_CURRENT_KRAKEN_PAIR_BRIDGE","CoinGecko/Kraken bridge count evidence: samoyedcoin:2"
"SAND","SAND","the-sandbox|the-sandbox-wormhole","APPROVED","the-sandbox","UNIQUE_CURRENT_KRAKEN_PAIR_BRIDGE","CoinGecko/Kraken bridge count evidence: the-sandbox:3|the-sandbox-wormhole:0"
"SBR","SBR","saber|sbrsol|strategic-bitcoin-reserve","APPROVED","saber","UNIQUE_CURRENT_KRAKEN_PAIR_BRIDGE","CoinGecko/Kraken bridge count evidence: saber:2|sbrsol:0|strategic-bitcoin-reserve:0"
"SC","SC","shark-cat|siacoin|star-cat","APPROVED","siacoin","UNIQUE_CURRENT_KRAKEN_PAIR_BRIDGE","CoinGecko/Kraken bridge count evidence: shark-cat:0|siacoin:2|star-cat:0"
"SCRT","SCRT","secret","APPROVED","secret","UNIQUE_CURRENT_KRAKEN_PAIR_BRIDGE","CoinGecko/Kraken bridge count evidence: secret:2"
"SDN","SDN","","UNVERIFIED","","UNVERIFIED_NO_CURRENT_KRAKEN_PAIR_BRIDGE","No unique independently verified CoinGecko-to-Kraken identity bridge; no inference applied."
"SEI","SEI","layerzero-bridged-sei|sei-network","APPROVED","sei-network","UNIQUE_CURRENT_KRAKEN_PAIR_BRIDGE","CoinGecko/Kraken bridge count evidence: layerzero-bridged-sei:0|sei-network:1"
"SGB","SGB","songbird","APPROVED","songbird","UNIQUE_CURRENT_KRAKEN_PAIR_BRIDGE","CoinGecko/Kraken bridge count evidence: songbird:2"
"SHIB","SHIB","binance-peg-shib|niccagewaluigielmo42069inu|shiba-inu|shiba-inu-wormhole|shiba-on-base|shib-on-solana|shibwifhatcoin|strategic-hub-for-innovation-in-blockchain","APPROVED","shiba-inu","UNIQUE_CURRENT_KRAKEN_PAIR_BRIDGE","CoinGecko/Kraken bridge count evidence: binance-peg-shib:0|niccagewaluigielmo42069inu:0|shiba-inu:4|shiba-inu-wormhole:0|shiba-on-base:0|shib-on-solana:0|shibwifhatcoin:0|strategic-hub-for-innovation-in-blockchain:0"
"SIGMA","SIGMA","csigma-finance|sigma|sigma-2|sigma-3|sigmadotmoney","APPROVED","sigma","UNIQUE_CURRENT_KRAKEN_PAIR_BRIDGE","CoinGecko/Kraken bridge count evidence: csigma-finance:0|sigma:1|sigma-2:0|sigma-3:0|sigmadotmoney:0"
"SKY","SKY","darkcrypto-share|sky|skycastle|skycoin|skydrome|skynet-3","APPROVED","sky","UNIQUE_CURRENT_KRAKEN_PAIR_BRIDGE","CoinGecko/Kraken bridge count evidence: darkcrypto-share:0|sky:1|skycastle:0|skycoin:0|skydrome:0|skynet-3:0"
"SNEK","SNEK","based-snek|snek","APPROVED","snek","UNIQUE_CURRENT_KRAKEN_PAIR_BRIDGE","CoinGecko/Kraken bridge count evidence: based-snek:0|snek:1"
"SNX","SNX","havven","APPROVED","havven","UNIQUE_CURRENT_KRAKEN_PAIR_BRIDGE","CoinGecko/Kraken bridge count evidence: havven:2"
"SOL","SOL","allbridge-bridged-sol-near-protocol|base-bridged-sol-base|binance-peg-sol|hyperlane-bridged-sol-eclipse|near-intents-bridged-sol|neonpass-bridged-sol-neon-evm|osmosis-allsol|solana|sol-the-trophy-tomato|wormhole-bridged-sol|wormhole-bridged-wrapped-sol-sui","APPROVED","solana","UNIQUE_CURRENT_KRAKEN_PAIR_BRIDGE","CoinGecko/Kraken bridge count evidence: allbridge-bridged-sol-near-protocol:0|base-bridged-sol-base:0|binance-peg-sol:0|hyperlane-bridged-sol-eclipse:0|near-intents-bridged-sol:0|neonpass-bridged-sol-neon-evm:0|osmosis-allsol:0|solana:2|sol-the-trophy-tomato:0|wormhole-bridged-sol:0|wormhole-bridged-wrapped-sol-sui:0"
"SONIC","SONIC","sonic-snipe-bot|sonic-solana|sonic-svm","APPROVED","sonic-svm","KRAKEN_ASSET_PAGE_NAME_TICKER","Kraken identifies Sonic SVM (SONIC); selects AF-002 sonic-svm. Source: https://www.kraken.com/prices/sonic-svm"
"SPELL","SPELL","spell-token|the-spellcaster","APPROVED","spell-token","UNIQUE_CURRENT_KRAKEN_PAIR_BRIDGE","CoinGecko/Kraken bridge count evidence: spell-token:2|the-spellcaster:0"
"SPICE","SPICE","spice-2","APPROVED","spice-2","KRAKEN_MICA_HISTORY_NAME_TICKER","Kraken historical registry preserves Spice (SPICE); AF-002 candidate matches. Source: https://www.kraken.com/legal/mica-whitepapers/history"
"SPK","SPK","spark-2","APPROVED","spark-2","UNIQUE_CURRENT_KRAKEN_PAIR_BRIDGE","CoinGecko/Kraken bridge count evidence: spark-2:1"
"SPX","SPX","spx6900","APPROVED","spx6900","UNIQUE_CURRENT_KRAKEN_PAIR_BRIDGE","CoinGecko/Kraken bridge count evidence: spx6900:2"
"SRM","SRM","serum","APPROVED","serum","UNIQUE_CURRENT_KRAKEN_PAIR_BRIDGE","CoinGecko/Kraken bridge count evidence: serum:2"
"SSV","SSV","ssv-network","APPROVED","ssv-network","UNIQUE_CURRENT_KRAKEN_PAIR_BRIDGE","CoinGecko/Kraken bridge count evidence: ssv-network:2"
"STEP","STEP","step|step-finance","APPROVED","step-finance","KRAKEN_ASSET_PAGE_NAME_TICKER","Kraken identifies Step Finance (STEP); selects AF-002 step-finance. Source: https://www.kraken.com/prices/step-finance"
"STG","STG","stargate-finance","APPROVED","stargate-finance","UNIQUE_CURRENT_KRAKEN_PAIR_BRIDGE","CoinGecko/Kraken bridge count evidence: stargate-finance:2"
"STORJ","STORJ","storj","APPROVED","storj","UNIQUE_CURRENT_KRAKEN_PAIR_BRIDGE","CoinGecko/Kraken bridge count evidence: storj:2"
"STRD","STRD","strategy-stride-preferred-dinari-tokenized-stock|stride","APPROVED","stride","KRAKEN_ASSET_PAGE_NAME_TICKER","Kraken identifies Stride (STRD); selects AF-002 stride over tokenized-stock collision. Source: https://www.kraken.com/prices/stride"
"STRK","STRK","starknet|strategy-strike-preferred-dinari-tokenized-stock","APPROVED","starknet","UNIQUE_CURRENT_KRAKEN_PAIR_BRIDGE","CoinGecko/Kraken bridge count evidence: starknet:2|strategy-strike-preferred-dinari-tokenized-stock:0"
"STX","STX","blockstack","APPROVED","blockstack","UNIQUE_CURRENT_KRAKEN_PAIR_BRIDGE","CoinGecko/Kraken bridge count evidence: blockstack:2"
"SUI","SUI","sui","APPROVED","sui","UNIQUE_CURRENT_KRAKEN_PAIR_BRIDGE","CoinGecko/Kraken bridge count evidence: sui:3"
"SUN","SUN","sun-token","APPROVED","sun-token","UNIQUE_CURRENT_KRAKEN_PAIR_BRIDGE","CoinGecko/Kraken bridge count evidence: sun-token:1"
"SUNDOG","SUNDOG","sundog","APPROVED","sundog","UNIQUE_CURRENT_KRAKEN_PAIR_BRIDGE","CoinGecko/Kraken bridge count evidence: sundog:2"
"SUPER","SUPER","superclaw|super-connector|superfarm","APPROVED","superfarm","UNIQUE_CURRENT_KRAKEN_PAIR_BRIDGE","CoinGecko/Kraken bridge count evidence: superclaw:0|super-connector:0|superfarm:2"
"SUSHI","SUSHI","sushi","APPROVED","sushi","UNIQUE_CURRENT_KRAKEN_PAIR_BRIDGE","CoinGecko/Kraken bridge count evidence: sushi:2"
"SWARMS","SWARMS","swarms","APPROVED","swarms","KRAKEN_ASSET_PAGE_NAME_TICKER","Kraken identifies Swarms (SWARMS); AF-002 candidate matches. Source: https://www.kraken.com/prices/swarms"
"SWELL","SWELL","layerzero-bridged-swell|swell-network","APPROVED","swell-network","UNIQUE_CURRENT_KRAKEN_PAIR_BRIDGE","CoinGecko/Kraken bridge count evidence: layerzero-bridged-swell:0|swell-network:2"
"SXT","SXT","space-and-time","APPROVED","space-and-time","UNIQUE_CURRENT_KRAKEN_PAIR_BRIDGE","CoinGecko/Kraken bridge count evidence: space-and-time:2"
"SYN","SYN","synapse-2|synthra","APPROVED","synapse-2","UNIQUE_CURRENT_KRAKEN_PAIR_BRIDGE","CoinGecko/Kraken bridge count evidence: synapse-2:1|synthra:0"
"SYRUP","SYRUP","syrup","APPROVED","syrup","UNIQUE_CURRENT_KRAKEN_PAIR_BRIDGE","CoinGecko/Kraken bridge count evidence: syrup:1"
"T","T","talos-2|threshold-network-token","APPROVED","threshold-network-token","UNIQUE_CURRENT_KRAKEN_PAIR_BRIDGE","CoinGecko/Kraken bridge count evidence: talos-2:0|threshold-network-token:2"
"TAO","TAO","bittensor|the-anthropic-order","APPROVED","bittensor","UNIQUE_CURRENT_KRAKEN_PAIR_BRIDGE","CoinGecko/Kraken bridge count evidence: bittensor:2|the-anthropic-order:0"
"TBTC","TBTC","tbtc","APPROVED","tbtc","KRAKEN_ASSET_PAGE_NAME_TICKER","Kraken identifies tBTC (TBTC); AF-002 candidate matches. Source: https://www.kraken.com/prices/tbtc"
"TEER","TEER","integritee","APPROVED","integritee","KRAKEN_ASSET_PAGE_NAME_TICKER","Kraken identifies Integritee (TEER); AF-002 candidate matches. Source: https://www.kraken.com/prices/integritee"
"TERM","TERM","","UNVERIFIED","","UNVERIFIED_NO_CURRENT_KRAKEN_PAIR_BRIDGE","No unique independently verified CoinGecko-to-Kraken identity bridge; no inference applied."
"TIA","TIA","celestia|tia","APPROVED","celestia","UNIQUE_CURRENT_KRAKEN_PAIR_BRIDGE","CoinGecko/Kraken bridge count evidence: celestia:2|tia:0"
"TITCOIN","TITCOIN","titcoin-2","APPROVED","titcoin-2","KRAKEN_MICA_HISTORY_NAME_TICKER","Kraken historical registry preserves Titcoin (TITCOIN); AF-002 candidate matches. Source: https://www.kraken.com/legal/mica-whitepapers/history"
"TLM","TLM","alien-worlds","APPROVED","alien-worlds","UNIQUE_CURRENT_KRAKEN_PAIR_BRIDGE","CoinGecko/Kraken bridge count evidence: alien-worlds:2"
"TNSR","TNSR","tensor","APPROVED","tensor","UNIQUE_CURRENT_KRAKEN_PAIR_BRIDGE","CoinGecko/Kraken bridge count evidence: tensor:2"
"TOKE","TOKE","tokemak|tokeo","APPROVED","tokemak","KRAKEN_ASSET_PAGE_LEGACY_PROJECT_TICKER","Kraken identifies Tokemak (TOKE); AF-002 candidate id tokemak is the legacy CoinGecko record now labelled Auto Finance [OLD] with ticker TOKE. Source: https://www.kraken.com/prices/tokemak"
"TOKEN","TOKEN","token|tokenfi|tokenization","APPROVED","tokenfi","UNIQUE_CURRENT_KRAKEN_PAIR_BRIDGE","CoinGecko/Kraken bridge count evidence: token:0|tokenfi:1|tokenization:0"
"TON","TON","atnt-ondo-tokenized-stock|tac-bridged-ton-tac|tokamak-network|tontoken","UNVERIFIED","","UNVERIFIED_NO_CURRENT_KRAKEN_PAIR_BRIDGE","No unique independently verified CoinGecko-to-Kraken identity bridge; no inference applied."
"TOSHI","TOSHI","first-dog-to-buy-crypto|toshi|toshi-3","APPROVED","toshi","UNIQUE_CURRENT_KRAKEN_PAIR_BRIDGE","CoinGecko/Kraken bridge count evidence: first-dog-to-buy-crypto:0|toshi:2|toshi-3:0"
"TRAC","TRAC","origintrail|trac","APPROVED","origintrail","UNIQUE_CURRENT_KRAKEN_PAIR_BRIDGE","CoinGecko/Kraken bridge count evidence: origintrail:2|trac:0"
"TREMP","TREMP","donald-tremp","APPROVED","donald-tremp","KRAKEN_HISTORICAL_LISTING_NAME_TICKER","Kraken explicitly identifies Doland Tremp (TREMP); selects AF-002 donald-tremp. Source: https://blog.kraken.com/product/asset-listings/trading-for-tremp-tnsr-zeus-and-more-starts-now"
"TRU","TRU","truebit-protocol|truefi","APPROVED","truefi","UNIQUE_CURRENT_KRAKEN_PAIR_BRIDGE","CoinGecko/Kraken bridge count evidence: truebit-protocol:0|truefi:2"
"TRUMP","TRUMP","bridged-maga-wormhole|maga|meme-trumpcoin|official-trump","APPROVED","official-trump","UNIQUE_CURRENT_KRAKEN_PAIR_BRIDGE","CoinGecko/Kraken bridge count evidence: bridged-maga-wormhole:0|maga:0|meme-trumpcoin:0|official-trump:4"
"TRX","TRX","solana-bridged-trx-solana|tron|tron-bsc","APPROVED","tron","UNIQUE_CURRENT_KRAKEN_PAIR_BRIDGE","CoinGecko/Kraken bridge count evidence: solana-bridged-trx-solana:0|tron:3|tron-bsc:0"
"TURBO","TURBO","based-turbo|turbo|turbodex|turboloop-token|turbo-on-robinhood|turbo-win","APPROVED","turbo","UNIQUE_CURRENT_KRAKEN_PAIR_BRIDGE","CoinGecko/Kraken bridge count evidence: based-turbo:0|turbo:1|turbodex:0|turboloop-token:0|turbo-on-robinhood:0|turbo-win:0"
"TUSD","TUSD","bridged-trueusd|true-usd","APPROVED","true-usd","KRAKEN_ASSET_PAGE_CANONICAL_TICKER","Kraken identifies canonical True USD/TrueUSD (TUSD); selects AF-002 true-usd rather than Bridged TrueUSD. Source: https://www.kraken.com/prices/true-usd"
"TVK","TVK","the-virtua-kolect","APPROVED","the-virtua-kolect","KRAKEN_ASSET_PAGE_NAME_TICKER","Kraken identifies Terra Virtua Kolect/The Virtua Kolect and token TVK; AF-002 stable candidate id is the-virtua-kolect and its current candidate name is Virtua. Source: https://www.kraken.com/buy/tvk"
"UFD","UFD","unicorn-fart-dust","APPROVED","unicorn-fart-dust","UNIQUE_CURRENT_KRAKEN_PAIR_BRIDGE","CoinGecko/Kraken bridge count evidence: unicorn-fart-dust:1"
"UMA","UMA","uma","APPROVED","uma","UNIQUE_CURRENT_KRAKEN_PAIR_BRIDGE","CoinGecko/Kraken bridge count evidence: uma:2"
"UNFI","UNFI","unifi-protocol-dao","APPROVED","unifi-protocol-dao","UNIQUE_CURRENT_KRAKEN_PAIR_BRIDGE","CoinGecko/Kraken bridge count evidence: unifi-protocol-dao:2"
"UNI","UNI","linea-bridged-uni-linea|uni|unicorn-token|uniswap|uniswap-wormhole","APPROVED","uniswap","UNIQUE_CURRENT_KRAKEN_PAIR_BRIDGE","CoinGecko/Kraken bridge count evidence: linea-bridged-uni-linea:0|uni:0|unicorn-token:0|uniswap:3|uniswap-wormhole:0"
"USDC","USDC","anubis-bridged-usdc-anubis|beam-bridged-usdc-beam|bifrost-bridged-usdc-bifrost|binance-bridged-usdc-bnb-smart-chain|bridged-usdc|bridged-usdc-chainport|bridged-usdc-core|bridged-usdc-immutable-zkevm|bridged-usdc-moonriver|bridged-usd-coin-linea|bridged-usd-coin-manta-pacific|bridged-usd-coin-scroll|bridged-usd-coin-starkgate|ccip-bridged-usdc-ronin|celer-bridged-usdc-astar|celer-bridged-usdc-conflux|celer-bridged-usdc-filecoin|cronos-bridged-usdc-cronos|cronos-zkevm-bridged-usdc-cronos-zkevm|eclipse-bridged-usdc-eclipse|edu-chain-bridged-usdc-edu-chain|energi-bridged-usdc-energi|fraxtal-bridged-usdc-fraxtal|gnosis-xdai-bridged-usdc-gnosis|hyperlane-bridged-usdc-igra|hyperlane-bridged-usdc-lukso|hyperlane-bridged-usdc-mantra-evm|ima-bridged-usdc-skale|initia-bridged-usdc-initia|kucoin-bridged-usdc-kucoin-community-chain|layerzero-bridged-usdc-aptos|layerzero-bridged-usdc-etherlink|lens-bridged-usdc-lens|mantle-bridged-usdc-mantle|mode-bridged-usdc-mode|morph-l2-bridged-usdc-morph-l2|multichain-bridged-usdc-dogechain|multichain-bridged-usdc-fantom|near-intents-bridged-usdc|neonpass-bridged-usdc-neon|nomad-bridged-usdc-moonbeam|nova-usdc|official-arbitrum-bridged-usdc-arbitrum-nova|polygon-hermez-bridged-usdc-polygon-zkevm|polygon-hermez-bridged-usdc-x-layer|q-bridged-usdc-q-mainnet|rainbow-bridged-usdc-aurora|shido-bridged-usdc|sophon-bridged-usdc-sophon|superseed-bridged-usdc-superseed|synapse-bridged-usdc-elastos|taiko-bridged-usdc-taiko|thundercore-bridged-usdc-thundercore|upside-down-cat|usd-coin|usd-coin-pulsechain|wanchain-bridged-usdc-cardano|wormhole-bridged-usdc-fantom|zero-network-bridged-usdc-zero-network|zksync-bridged-usdc-zksync","APPROVED","usd-coin","UNIQUE_CURRENT_KRAKEN_PAIR_BRIDGE","CoinGecko/Kraken bridge count evidence: anubis-bridged-usdc-anubis:0|beam-bridged-usdc-beam:0|bifrost-bridged-usdc-bifrost:0|binance-bridged-usdc-bnb-smart-chain:0|bridged-usdc:0|bridged-usdc-chainport:0|bridged-usdc-core:0|bridged-usdc-immutable-zkevm:0|bridged-usdc-moonriver:0|bridged-usd-coin-linea:0|bridged-usd-coin-manta-pacific:0|bridged-usd-coin-scroll:0|bridged-usd-coin-starkgate:0|ccip-bridged-usdc-ronin:0|celer-bridged-usdc-astar:0|celer-bridged-usdc-conflux:0|celer-bridged-usdc-filecoin:0|cronos-bridged-usdc-cronos:0|cronos-zkevm-bridged-usdc-cronos-zkevm:0|eclipse-bridged-usdc-eclipse:0|edu-chain-bridged-usdc-edu-chain:0|energi-bridged-usdc-energi:0|fraxtal-bridged-usdc-fraxtal:0|gnosis-xdai-bridged-usdc-gnosis:0|hyperlane-bridged-usdc-igra:0|hyperlane-bridged-usdc-lukso:0|hyperlane-bridged-usdc-mantra-evm:0|ima-bridged-usdc-skale:0|initia-bridged-usdc-initia:0|kucoin-bridged-usdc-kucoin-community-chain:0|layerzero-bridged-usdc-aptos:0|layerzero-bridged-usdc-etherlink:0|lens-bridged-usdc-lens:0|mantle-bridged-usdc-mantle:0|mode-bridged-usdc-mode:0|morph-l2-bridged-usdc-morph-l2:0|multichain-bridged-usdc-dogechain:0|multichain-bridged-usdc-fantom:0|near-intents-bridged-usdc:0|neonpass-bridged-usdc-neon:0|nomad-bridged-usdc-moonbeam:0|nova-usdc:0|official-arbitrum-bridged-usdc-arbitrum-nova:0|polygon-hermez-bridged-usdc-polygon-zkevm:0|polygon-hermez-bridged-usdc-x-layer:0|q-bridged-usdc-q-mainnet:0|rainbow-bridged-usdc-aurora:0|shido-bridged-usdc:0|sophon-bridged-usdc-sophon:0|superseed-bridged-usdc-superseed:0|synapse-bridged-usdc-elastos:0|taiko-bridged-usdc-taiko:0|thundercore-bridged-usdc-thundercore:0|upside-down-cat:0|usd-coin:7|usd-coin-pulsechain:0|wanchain-bridged-usdc-cardano:0|wormhole-bridged-usdc-fantom:0|zero-network-bridged-usdc-zero-network:0|zksync-bridged-usdc-zksync:0"
"USDD","USDD","usdd","APPROVED","usdd","UNIQUE_CURRENT_KRAKEN_PAIR_BRIDGE","CoinGecko/Kraken bridge count evidence: usdd:1"
"USDG","USDG","global-dollar","APPROVED","global-dollar","UNIQUE_CURRENT_KRAKEN_PAIR_BRIDGE","CoinGecko/Kraken bridge count evidence: global-dollar:2"
"USDQ","USDQ","quantoz-usdq","APPROVED","quantoz-usdq","KRAKEN_ASSET_PAGE_ISSUER_TICKER","Kraken states USDQ is built by Quantoz and uses ticker USDQ; AF-002 candidate Quantoz USDQ matches. Source: https://www.kraken.com/prices/usdq"
"USDR","USDR","real-usd|ring-usd|stablr-usd|us-diamond-reserve|usdr","APPROVED","stablr-usd","KRAKEN_ASSET_PAGE_NAME_TICKER","Kraken identifies Stablr USD (USDR); selects AF-002 stablr-usd. Source: https://www.kraken.com/prices/stablr-usd"
"USDS","USDS","sperax-usd|usds","APPROVED","usds","UNIQUE_CURRENT_KRAKEN_PAIR_BRIDGE","CoinGecko/Kraken bridge count evidence: sperax-usd:0|usds:1"
"USDT","USDT","abstract-bridged-usdt-abstract|alcor-ibc-bridged-usdt-wax|areon-bridged-usdt-areon-network|beam-bridged-usdt-beam|bob-network-bridged-usdt-bob-network|bot-chain-bridged-usdt-bot-chain|bridged-tether-fuse|bridged-tether-linea|bridged-tether-manta-pacific|bridged-tether-opbnb|bridged-tether-scroll|bridged-tether-starkgate|bridged-usdt|bridged-usdt-core|celer-bridged-usdt-astar|celer-bridged-usdt-conflux|cronos-bridged-usdt-cronos|eni-bridged-usdt-eni|gnosis-xdai-bridged-usdt-gnosis|hieswap-bridged-usdt-fonchain|injective-bridged-usdt-injective|kaia-bridged-usdt-kaia|krown-bridged-usdt-krown|kub-bridged-usdt-kub|kucoin-bridged-usdt-kucoin-community-chain|l2-standard-bridged-usdt-base|lisk-bridged-usdt|mode-bridged-usdt-mode|morph-l2-bridged-usdt-morph-l2|near-intents-bridged-usdt|nova-tether-usd|osmosis-allusdt|polygon-hermez-bridged-usdt-polygon-zkevm|polygon-hermez-bridged-usdt-x-layer|redbelly-bridged-usdt-redbelly|shimmerbridge-bridged-usdt-shimmerevm|soneium-bridged-usdt-soneium|sonic-bridged-usdt-sonic|sophon-bridged-usdt-sophon|stargate-bridged-usdt|tac-bridged-usdt-tac|tether|tether-pulsechain|tether-usd-wormhole-from-ethereum|thundercore-bridged-usdt-thundercore|unichain-bridged-usdt-unichain|units-network-bridged-usdt-units-network|viction-bridged-usdt","APPROVED","tether","UNIQUE_CURRENT_KRAKEN_PAIR_BRIDGE","CoinGecko/Kraken bridge count evidence: abstract-bridged-usdt-abstract:0|alcor-ibc-bridged-usdt-wax:0|areon-bridged-usdt-areon-network:0|beam-bridged-usdt-beam:0|bob-network-bridged-usdt-bob-network:0|bot-chain-bridged-usdt-bot-chain:0|bridged-tether-fuse:0|bridged-tether-linea:0|bridged-tether-manta-pacific:0|bridged-tether-opbnb:0|bridged-tether-scroll:0|bridged-tether-starkgate:0|bridged-usdt:0|bridged-usdt-core:0|celer-bridged-usdt-astar:0|celer-bridged-usdt-conflux:0|cronos-bridged-usdt-cronos:0|eni-bridged-usdt-eni:0|gnosis-xdai-bridged-usdt-gnosis:0|hieswap-bridged-usdt-fonchain:0|injective-bridged-usdt-injective:0|kaia-bridged-usdt-kaia:0|krown-bridged-usdt-krown:0|kub-bridged-usdt-kub:0|kucoin-bridged-usdt-kucoin-community-chain:0|l2-standard-bridged-usdt-base:0|lisk-bridged-usdt:0|mode-bridged-usdt-mode:0|morph-l2-bridged-usdt-morph-l2:0|near-intents-bridged-usdt:0|nova-tether-usd:0|osmosis-allusdt:0|polygon-hermez-bridged-usdt-polygon-zkevm:0|polygon-hermez-bridged-usdt-x-layer:0|redbelly-bridged-usdt-redbelly:0|shimmerbridge-bridged-usdt-shimmerevm:0|soneium-bridged-usdt-soneium:0|sonic-bridged-usdt-sonic:0|sophon-bridged-usdt-sophon:0|stargate-bridged-usdt:0|tac-bridged-usdt-tac:0|tether:7|tether-pulsechain:0|tether-usd-wormhole-from-ethereum:0|thundercore-bridged-usdt-thundercore:0|unichain-bridged-usdt-unichain:0|units-network-bridged-usdt-units-network:0|viction-bridged-usdt:0"
"UST","UST","terrausd-wormhole","UNVERIFIED","","UNVERIFIED_NO_CURRENT_KRAKEN_PAIR_BRIDGE","No unique independently verified CoinGecko-to-Kraken identity bridge; no inference applied."
"USUAL","USUAL","usual","APPROVED","usual","UNIQUE_CURRENT_KRAKEN_PAIR_BRIDGE","CoinGecko/Kraken bridge count evidence: usual:1"
"VANRY","VANRY","vanar-chain|vanar-chain-2","APPROVED","vanar-chain","UNIQUE_CURRENT_KRAKEN_PAIR_BRIDGE","CoinGecko/Kraken bridge count evidence: vanar-chain:2|vanar-chain-2:0"
"VELODROME","VELODROME","","APPROVED","velodrome-finance","KRAKEN_PROJECT_PLUS_COINGECKO_REFERENCE","Kraken identifies Velodrome Finance (VELODROME); CoinGecko reference evidence uniquely matches Velodrome Finance to velodrome-finance / VELO. Source: https://www.kraken.com/prices/velodrome-finance Secondary source: candidate-analysis/CFA-Stage2-Expanded-CoinGecko-Candidates.csv"
"VINE","VINE","do-it-for-the-vine|vine","APPROVED","vine","KRAKEN_ASSET_PAGE_NAME_TICKER","Kraken identifies Vine Coin (VINE); selects AF-002 vine over Do it for the Vine. Source: https://www.kraken.com/gb/prices/vine"
"VIRTUAL","VIRTUAL","virtual-protocol","APPROVED","virtual-protocol","UNIQUE_CURRENT_KRAKEN_PAIR_BRIDGE","CoinGecko/Kraken bridge count evidence: virtual-protocol:3"
"VVV","VVV","venice-token","APPROVED","venice-token","UNIQUE_CURRENT_KRAKEN_PAIR_BRIDGE","CoinGecko/Kraken bridge count evidence: venice-token:2"
"W","W","victorious|w|w-2|w-coin|wormhole","APPROVED","wormhole","UNIQUE_CURRENT_KRAKEN_PAIR_BRIDGE","CoinGecko/Kraken bridge count evidence: victorious:0|w:0|w-2:0|w-coin:0|wormhole:2"
"WAL","WAL","walrus-2","APPROVED","walrus-2","UNIQUE_CURRENT_KRAKEN_PAIR_BRIDGE","CoinGecko/Kraken bridge count evidence: walrus-2:1"
"WAXL","WAXL","wrapped-axelar","APPROVED","wrapped-axelar","KRAKEN_ASSET_PAGE_NAME_TICKER","Kraken identifies Wrapped Axelar (WAXL); AF-002 candidate matches. Source: https://www.kraken.com/prices/wrapped-axelar"
"WBTC","WBTC","arbitrum-bridged-wbtc-arbitrum-one|bridged-btc-superposition|bridged-wbtc|bridged-wrapped-bitcoin-bob-network|bridged-wrapped-bitcoin-scroll|bridged-wrapped-bitcoin-starkgate|bridged-wrapped-bitcoin-worldchain|celer-bridged-wbtc-conflux|celo-bridged-wbtc-celo|cronos-bridged-wbtc-cronos|cronos-zkevm-bridged-wbtc-cronos-zkevm|etherlink-bridged-wbtc-etherlink|eureka-bridged-wbtc-neutron|eureka-bridged-wbtc-terra|fantom-bridged-wbtc-fantom|fuse-bridged-wbtc-fuse|gnosis-xdai-bridged-wbtc-gnosis-chain|hemi-bridged-wbtc-hemi|linea-bridged-wbtc-linea|lisk-bridged-wbtc-lisk|merlin-chain-bridged-wrapped-btc-merlin|metis-bridged-wbtc-metis-andromeda|mode-bridged-wbtc-mode|multichain-bridged-wbtc-energi|multichain-bridged-wbtc-moonriver|polygon-bridged-wbtc-polygon-pos|polygon-zkevm-bridged-wbtc-polygon-zkevm|rainbow-bridged-wbtc-aurora|rainbow-bridged-wbtc-near-protocol|skale-ima-bridged-wbtc|sui-bridged-wbtc-sui|unichain-bridged-wbtc-unichain-2|wrapped-bitcoin|wrapped-bitcoin-pulsechain|wrapped-btc-wormhole|zksync-bridged-wbtc-zksync","APPROVED","wrapped-bitcoin","UNIQUE_CURRENT_KRAKEN_PAIR_BRIDGE","CoinGecko/Kraken bridge count evidence: arbitrum-bridged-wbtc-arbitrum-one:0|bridged-btc-superposition:0|bridged-wbtc:0|bridged-wrapped-bitcoin-bob-network:0|bridged-wrapped-bitcoin-scroll:0|bridged-wrapped-bitcoin-starkgate:0|bridged-wrapped-bitcoin-worldchain:0|celer-bridged-wbtc-conflux:0|celo-bridged-wbtc-celo:0|cronos-bridged-wbtc-cronos:0|cronos-zkevm-bridged-wbtc-cronos-zkevm:0|etherlink-bridged-wbtc-etherlink:0|eureka-bridged-wbtc-neutron:0|eureka-bridged-wbtc-terra:0|fantom-bridged-wbtc-fantom:0|fuse-bridged-wbtc-fuse:0|gnosis-xdai-bridged-wbtc-gnosis-chain:0|hemi-bridged-wbtc-hemi:0|linea-bridged-wbtc-linea:0|lisk-bridged-wbtc-lisk:0|merlin-chain-bridged-wrapped-btc-merlin:0|metis-bridged-wbtc-metis-andromeda:0|mode-bridged-wbtc-mode:0|multichain-bridged-wbtc-energi:0|multichain-bridged-wbtc-moonriver:0|polygon-bridged-wbtc-polygon-pos:0|polygon-zkevm-bridged-wbtc-polygon-zkevm:0|rainbow-bridged-wbtc-aurora:0|rainbow-bridged-wbtc-near-protocol:0|skale-ima-bridged-wbtc:0|sui-bridged-wbtc-sui:0|unichain-bridged-wbtc-unichain-2:0|wrapped-bitcoin:2|wrapped-bitcoin-pulsechain:0|wrapped-btc-wormhole:0|zksync-bridged-wbtc-zksync:0"
"WCT","WCT","connect-token-wct","APPROVED","connect-token-wct","UNIQUE_CURRENT_KRAKEN_PAIR_BRIDGE","CoinGecko/Kraken bridge count evidence: connect-token-wct:2"
"WELL","WELL","moonwell-artemis","APPROVED","moonwell-artemis","UNIQUE_CURRENT_KRAKEN_PAIR_BRIDGE","CoinGecko/Kraken bridge count evidence: moonwell-artemis:2"
"WEN","WEN","wen-4|wen-6|wen-lambo-2|wen-token","APPROVED","wen-4","KRAKEN_PLUS_COINGECKO_CANONICAL_ID","Kraken identifies Wen (WEN); CoinGecko canonical Wen page reports API ID wen-4 and Solana lineage; selects AF-002 wen-4. Source: https://blog.kraken.com/product/asset-listings/trading-for-tremp-tnsr-zeus-and-more-starts-now Secondary source: https://www.coingecko.com/en/coins/wen-solana"
"WIF","WIF","dogwifcoin|dogwifhat-base|dogwifhood|robinwifhat|wif-on-eth|wif-secondchance|world-is-flat","APPROVED","dogwifcoin","UNIQUE_CURRENT_KRAKEN_PAIR_BRIDGE","CoinGecko/Kraken bridge count evidence: dogwifcoin:3|dogwifhat-base:0|dogwifhood:0|robinwifhat:0|wif-on-eth:0|wif-secondchance:0|world-is-flat:0"
"WIN","WIN","win-2|win-3|wink|winklink-bsc","APPROVED","wink","KRAKEN_PLUS_COINGECKO_CANONICAL_ID","Kraken and CoinGecko both identify WINkLink (WIN); selects AF-002 wink rather than the BSC representation. Source: https://www.kraken.com/prices/winklink Secondary source: https://www.coingecko.com/en/coins/winklink"
"WLD","WLD","worldcoin-wld","APPROVED","worldcoin-wld","UNIQUE_CURRENT_KRAKEN_PAIR_BRIDGE","CoinGecko/Kraken bridge count evidence: worldcoin-wld:2"
"WOO","WOO","woo|woo-network","APPROVED","woo-network","UNIQUE_CURRENT_KRAKEN_PAIR_BRIDGE","CoinGecko/Kraken bridge count evidence: woo:0|woo-network:2"
"XCN","XCN","chain-2","APPROVED","chain-2","UNIQUE_CURRENT_KRAKEN_PAIR_BRIDGE","CoinGecko/Kraken bridge count evidence: chain-2:2"
"XETC","ETC","ethereum-classic","APPROVED","ethereum-classic","UNIQUE_CURRENT_KRAKEN_PAIR_BRIDGE","CoinGecko/Kraken bridge count evidence: ethereum-classic:2"
"XETH","ETH","anubis-bridged-eth-anubis|bifrost-bridged-eth-bifrost|bridged-binance-peg-ethereum-opbnb|bridged-wrapped-ether-eclipse|bridged-wrapped-ether-starkgate|ethereum|ethereum-wormhole|immutable-zkevm-bridged-eth|krown-bridged-eth-krown|near-intents-bridged-eth|nova-eth|osmosis-alleth|the-infinite-garden|the-ticker-is-eth","APPROVED","ethereum","UNIQUE_CURRENT_KRAKEN_PAIR_BRIDGE","CoinGecko/Kraken bridge count evidence: anubis-bridged-eth-anubis:0|bifrost-bridged-eth-bifrost:0|bridged-binance-peg-ethereum-opbnb:0|bridged-wrapped-ether-eclipse:0|bridged-wrapped-ether-starkgate:0|ethereum:10|ethereum-wormhole:0|immutable-zkevm-bridged-eth:0|krown-bridged-eth-krown:0|near-intents-bridged-eth:0|nova-eth:0|osmosis-alleth:0|the-infinite-garden:0|the-ticker-is-eth:0"
"XLTC","LTC","binance-peg-litecoin|litecoin","APPROVED","litecoin","UNIQUE_CURRENT_KRAKEN_PAIR_BRIDGE","CoinGecko/Kraken bridge count evidence: binance-peg-litecoin:0|litecoin:8"
"XMLN","MLN","melon","APPROVED","melon","UNIQUE_CURRENT_KRAKEN_PAIR_BRIDGE","CoinGecko/Kraken bridge count evidence: melon:2"
"XREP","REP","augur","UNVERIFIED","","UNVERIFIED_REP_REPV2_TOKEN_VERSION_CONFLICT","Kraken explicitly treats REP and REPv2 as distinct assets. AF-002 augur and the direct augur response carry contract 0x221657776846890989a759ba2973e427dff5c9bb which is the REPv2 token; the XREP/REP approval is withdrawn pending an independently verified CoinGecko identity for pre-v2 REP. Source: https://blog.kraken.com/news/repv2-goes-live-august-4-as-augur-prediction-market-upgrades Secondary source: https://etherscan.io/token/0x221657776846890989a759ba2973e427dff5c9bb"
"XRT","XRT","robonomics-network|robonomics-network-2","APPROVED","robonomics-network-2","KRAKEN_PLUS_COINGECKO_MIGRATION_ID","Kraken identifies Robonomics.network (XRT); CoinGecko canonical page records migration from the old contract to the current Robonomics Network record; selects AF-002 robonomics-network-2. Source: https://www.kraken.com/prices/robonomics.network Secondary source: https://www.coingecko.com/en/coins/robonomics-network"
"XTZ","XTZ","binance-peg-tezos-token|tezos","APPROVED","tezos","UNIQUE_CURRENT_KRAKEN_PAIR_BRIDGE","CoinGecko/Kraken bridge count evidence: binance-peg-tezos-token:0|tezos:3"
"XXBT","XBT","xbt","APPROVED","bitcoin","KRAKEN_LEGACY_CODE_PLUS_COINGECKO_REFERENCE","Kraken explicitly maps XXBT to XBT and XBT to BTC for Bitcoin; CoinGecko reference evidence uniquely matches Bitcoin to stable id bitcoin / BTC. Source: https://support.kraken.com/hc/articles/360001206766-bitcoin-currency-code-xbt-vs-btc Secondary source: candidate-analysis/CFA-Stage2-Expanded-CoinGecko-Candidates.csv"
"XXDG","XDG","","APPROVED","dogecoin","KRAKEN_LEGACY_CODE_PLUS_COINGECKO_REFERENCE","Kraken explicitly maps XXDG to XDG and XDG to DOGE; CoinGecko reference evidence uniquely matches Dogecoin to stable id dogecoin / DOGE. Source: https://support.kraken.com/hc/articles/360001206766-bitcoin-currency-code-xbt-vs-btc Secondary source: candidate-analysis/CFA-Stage2-Expanded-CoinGecko-Candidates.csv"
"XXLM","XLM","stellar","APPROVED","stellar","UNIQUE_CURRENT_KRAKEN_PAIR_BRIDGE","CoinGecko/Kraken bridge count evidence: stellar:3"
"XXMR","XMR","monero","APPROVED","monero","UNIQUE_CURRENT_KRAKEN_PAIR_BRIDGE","CoinGecko/Kraken bridge count evidence: monero:4"
"XXRP","XRP","binance-peg-xrp|harrypotterobamapacman8inu|near-intents-bridged-xrp|ripple|warioxrpdumbledoreyugioh69inu","APPROVED","ripple","UNIQUE_CURRENT_KRAKEN_PAIR_BRIDGE","CoinGecko/Kraken bridge count evidence: binance-peg-xrp:0|harrypotterobamapacman8inu:0|near-intents-bridged-xrp:0|ripple:7|warioxrpdumbledoreyugioh69inu:0"
"XZEC","ZEC","binance-peg-zcash-token|near-intents-bridged-zec|omnibridge-bridged-zcash-solana|zcash","APPROVED","zcash","UNIQUE_CURRENT_KRAKEN_PAIR_BRIDGE","CoinGecko/Kraken bridge count evidence: binance-peg-zcash-token:0|near-intents-bridged-zec:0|omnibridge-bridged-zcash-solana:0|zcash:2"
"YFI","YFI","yearn-finance|yfi","APPROVED","yearn-finance","UNIQUE_CURRENT_KRAKEN_PAIR_BRIDGE","CoinGecko/Kraken bridge count evidence: yearn-finance:2|yfi:0"
"YGG","YGG","yield-guild-games","APPROVED","yield-guild-games","KRAKEN_ASSET_PAGE_NAME_TICKER","Kraken identifies Yield Guild Games (YGG); AF-002 candidate matches. Source: https://www.kraken.com/prices/yield-guild-games"
"ZAUD","AUD","","NOT_APPLICABLE","","AF001_FIAT_BASE_IDENTITY","CoinGecko crypto mapping is not applicable to fiat base AUD. Source: candidate-analysis/ASRP-Q2-Pair-Identity-Frozen-v1.0.0.csv"
"ZEREBRO","ZEREBRO","zerebro","APPROVED","zerebro","UNIQUE_CURRENT_KRAKEN_PAIR_BRIDGE","CoinGecko/Kraken bridge count evidence: zerebro:2"
"ZETA","ZETA","zetachain|zeta-global-holdings-corp-robinhood-token","APPROVED","zetachain","UNIQUE_CURRENT_KRAKEN_PAIR_BRIDGE","CoinGecko/Kraken bridge count evidence: zetachain:2|zeta-global-holdings-corp-robinhood-token:0"
"ZEUR","EUR","","NOT_APPLICABLE","","AF001_FIAT_BASE_IDENTITY","CoinGecko crypto mapping is not applicable to fiat base EUR. Source: candidate-analysis/ASRP-Q2-Pair-Identity-Frozen-v1.0.0.csv"
"ZEUS","ZEUS","ansems-dog|pepes-dog|zeus-3|zeus-4|zeus-ai|zeus-network|zeuspepesdog","APPROVED","zeus-network","UNIQUE_CURRENT_KRAKEN_PAIR_BRIDGE","CoinGecko/Kraken bridge count evidence: ansems-dog:0|pepes-dog:0|zeus-3:0|zeus-4:0|zeus-ai:0|zeus-network:2|zeuspepesdog:0"
"ZEX","ZEX","zeta","APPROVED","zeta","UNIQUE_CURRENT_KRAKEN_PAIR_BRIDGE","CoinGecko/Kraken bridge count evidence: zeta:2"
"ZGBP","GBP","","NOT_APPLICABLE","","AF001_FIAT_BASE_IDENTITY","CoinGecko crypto mapping is not applicable to fiat base GBP. Source: candidate-analysis/ASRP-Q2-Pair-Identity-Frozen-v1.0.0.csv"
"ZK","ZK","zksync","APPROVED","zksync","UNIQUE_CURRENT_KRAKEN_PAIR_BRIDGE","CoinGecko/Kraken bridge count evidence: zksync:1"
"ZORA","ZORA","zora","APPROVED","zora","UNIQUE_CURRENT_KRAKEN_PAIR_BRIDGE","CoinGecko/Kraken bridge count evidence: zora:1"
"ZRO","ZRO","layerzero","APPROVED","layerzero","UNIQUE_CURRENT_KRAKEN_PAIR_BRIDGE","CoinGecko/Kraken bridge count evidence: layerzero:2"
"ZRX","ZRX","0x","APPROVED","0x","UNIQUE_CURRENT_KRAKEN_PAIR_BRIDGE","CoinGecko/Kraken bridge count evidence: 0x:2"
"ZUSD","USD","turbousd-unstablecoin|unstable-states-dollar","NOT_APPLICABLE","","AF001_FIAT_BASE_IDENTITY","CoinGecko crypto mapping is not applicable to fiat base USD. Source: candidate-analysis/ASRP-Q2-Pair-Identity-Frozen-v1.0.0.csv"
